population_growth_rate,housing_price_base,employment_rate,land_development_capacity,transportation_cost,income_median,zoning_density,amenity_score,urban_development_index
0.021854305348131316,480285.72256396647,0.8293972738151323,319.3963178886665,0.0864491338167939,44039.50683025824,0.15227525095137953,8.661761457749352,59.41668814959881
0.0059263022433111105,487963.94086479774,0.8745991883601898,145.55259980522428,0.0990942339314793,46506.40588680904,0.373818018663584,5.247564316322379,44.679726024807344
0.024437525838895212,216491.65607921674,0.7753338026250707,112.77223729341883,0.1531508777822569,62972.56589643225,0.5104629857953323,7.851759613930136,63.17825981472288
0.03165865559879191,118580.16508799909,0.7733951833556472,126.73585565928119,0.041875280562786964,115399.6983528,0.9690688297671034,8.08397348116461,94.7638567268335
0.018707619612801683,139068.84560255354,0.8079048619304705,248.06862218282058,0.06979873507394162,74565.92191001432,0.13094966900369656,9.093204020787821,65.87650346870161
0.019026998424023493,308027.2084711243,0.7460196257044758,133.18450498648718,0.4850964676046337,99761.95410250031,0.9455490474077702,8.948273504276488,67.93733132695074
0.031905499046498836,468749.6940092467,0.5398216259233638,138.19228808861533,0.03216137156616365,59279.72976869379,0.4498095607205338,2.713490317738959,51.33977343222204
0.017642052935932136,317078.4332632994,0.5634159012386432,410.98864133931784,0.046529815403087704,118819.82429404656,0.7950202923669917,1.987156815341724,81.41584348491767
0.005248495270562108,426184.57138193364,0.8180858047314277,378.0532256184443,0.3879224698761134,36664.01865606813,0.4226191556898453,1.1586905952512971,37.143618959285355
0.019890411118369214,125423.34011440945,0.639942044772048,196.33249491203617,0.3675070273856514,87380.17242196918,0.8984914683186939,4.722149251619493,81.67448026997491
0.010381741067223577,385297.91488919803,0.8423532718776039,302.5747389062733,0.3877739181777349,74441.60367279517,0.5704595464437947,4.275410183585496,57.99681394399534
0.019146019148434702,303428.27646588115,0.9084049132667418,162.18150311699372,0.21108763228745858,97999.60246887438,0.3059183489424602,0.7697990982879299,51.23165473318889
0.018038815381119563,164488.51490160177,0.9183639435541578,413.65417080398765,0.3203678406901075,108431.4531168946,0.823304869209203,1.8657005888603584,90.46612769081905
0.041334806982382816,458436.5199693973,0.6431015637373387,99.52336603745454,0.12168822964555141,68439.70097636306,0.8362132893302437,8.607305832563434,74.1481639944263
0.0053128458739035815,304298.9210310263,0.6878349514169505,149.9485147118286,0.06873402999350457,60385.36542632652,0.9486187335212672,3.2320293202075523,53.10140707461851
0.02136333210706823,488712.83308838424,0.93310128272395,163.30203312141387,0.25365176788726884,57079.047883509265,0.35635644493972085,0.36886947354532795,45.22283927457547
0.03243039502909536,301071.6092915446,0.5231654380624952,175.39090890647515,0.45505028412366033,51560.57016002752,0.2304053848821008,4.89452760277563,50.0731343494793
0.015693689479657987,391286.53944474383,0.6655024097236639,334.53762376711074,0.3204295582728384,78219.72156672826,0.18126079304896747,8.35302495589238,56.099107516120945
0.019435102923728114,174607.4041599417,0.5183488136996438,315.90182443470883,0.3420065373027184,31492.904603507053,0.5608837524693528,2.2649577519793795,52.04201599274196
0.036092198214610974,254694.13852021497,0.9215284949315306,111.88442486569696,0.17712251201462667,40212.616911653015,0.9322242564507065,8.77339353380981,75.24032577977137
0.016607373247182002,363993.6184136716,0.8677499900905471,299.84036521975804,0.2695287833944432,51766.70618104065,0.1837924910253093,8.972157579533267,54.68682416927883
0.020256340597191533,239683.82984506435,0.8266800554916076,453.6996169786597,0.4446723478899075,100188.79912718615,0.677828481538859,0.8413996499504883,80.40629537481095
0.01227329213425762,459421.6754108317,0.7728930768468154,54.13867322748334,0.05972105600435573,89715.15921972503,0.10455542546159682,1.6080805141749865,42.60213965152197
0.03433825667761703,189707.7237842239,0.8204806496063911,156.76208937356003,0.1694458520980412,97184.22646062217,0.6846696091424932,8.49223410494178,87.99681744071223
0.034592580153515455,327323.4413341887,0.5421536455226416,215.4721113767451,0.1399491601640455,51959.06790411752,0.975709499277201,3.930977246667604,75.51401398073402
0.04076650865937418,301054.8372420769,0.7596067480818616,271.63296221848873,0.1056690640210418,95020.69037353547,0.35269512619677024,0.2431596643145384,70.2470946242696
0.034046253315822554,170844.27176281958,0.9232063629588114,479.2678596511643,0.4582835512080198,63314.28302299,0.11391095487598069,9.283185625877254,69.15637986071314
0.04836289896901638,441203.78218694404,0.6325020014313135,223.29397787086637,0.4270569690432599,58522.98046406499,0.2525434720174833,5.568012624583502,58.33491859136652
0.04712696483723514,378411.9186699892,0.7565275265402143,93.72942219684583,0.31135354108259317,119104.8465093837,0.22607561371287163,5.183296523637368,58.65151452425376
0.03636570834478706,380993.63359484373,0.6617710180488898,182.116329919022,0.40658696618447165,102910.20552112626,0.8803650867220933,9.132405525564714,84.93913226730504
0.028010407948742204,300606.5178748799,0.8592328305350487,342.4837688499943,0.35396376985627465,101621.3402492491,0.9010048076358097,3.379951568515358,86.5286148344796
0.031022606344827834,114376.90951869683,0.7095191081596071,294.1900856184095,0.15040521354285938,83174.99345121096,0.1274502249451445,0.37348188749214417,56.28284009813328
0.042017025229684625,244076.25656450517,0.5571772306933481,285.00946702466194,0.3872968410183193,49423.89247471589,0.6606014282371002,0.85347464993768,68.64943972892256
0.029328580472454797,354971.96059928264,0.8267411001751976,489.1334357581406,0.2629871706675857,59066.08256471214,0.8156675752918333,2.708322512620742,82.53275565004594
0.02475371393175363,131382.55253690638,0.5114078345369559,483.1917866050663,0.41963025905098084,92637.67854843283,0.46805764997284294,1.7329432007084578,75.23342669408113
0.029715199911775424,385838.36908002495,0.797088819522979,175.97025362567427,0.4778839875249651,96410.72250261916,0.5989186472602607,6.117207462343522,68.20001327911693
0.023882002809250548,199092.39580046298,0.6601877053930677,391.0307497089661,0.017052809428580375,40446.53764562246,0.14140237781957748,0.40728802318970136,46.59044761808313
0.026337822308929636,139133.66426040058,0.7212271438025746,263.0622968512546,0.09486891625590743,69046.64843141758,0.45865426095763606,6.158500980522165,79.46638175162026
0.03357921428904397,118121.60390881781,0.668575676581912,331.63696207140634,0.25653676670424297,107084.085706949,0.6928242684570505,1.629344270814297,92.68596811912235
0.0061930089743729815,334310.2325093853,0.9231036086412309,308.96338004414554,0.20020326384119574,87895.93965981179,0.512427601442365,5.45616789315935,57.5311668431618
0.047365916394943634,254441.0551203097,0.9325357537207614,457.4077888802287,0.10593765604675524,36242.51707876489,0.190700201239684,0.18221825651549728,61.44650134409459
0.008203489180710306,227590.25211750454,0.8801938899362545,60.472371081121636,0.40908955646857853,55366.929729605996,0.20634834485949063,6.967371653641506,40.446320168557044
0.03330242810509478,450988.80541082117,0.8307819697117486,411.5664186731819,0.14819694055994018,45969.558940175055,0.7755532764767725,8.06834739267264,88.77749356116455
0.021740813860675244,410565.1842967987,0.653361593113858,468.84079652160415,0.4306222484030758,68609.46246375165,0.7757839610123476,7.545428740846823,81.45771322814173
0.009640574097616969,461021.16267182666,0.7273635676015358,421.90585974848375,0.16682430450499977,110597.09056465804,0.45028151086074686,0.1083765148029836,55.322077924289665
0.047777321612190025,329375.15524931444,0.7843267454764096,251.8004848902439,0.15367327813205162,59579.809083292435,0.7052666104693346,7.5237452943768,86.71399301304857
0.04062105696766319,415847.25711782154,0.5410427463719106,272.48913711616166,0.0382037924081557,79457.5994091362,0.4973774512360394,8.877041827582998,77.65173778759227
0.011434625692377614,404604.2526869889,0.7781981284923174,95.50520425525562,0.051212334996348745,93087.2218313208,0.16548670572777419,8.218600592903563,49.782694290121135
0.03678090022204233,132539.51225675992,0.5381769713383363,493.9878103255289,0.19339268992049896,63357.79323602018,0.8315196105317523,9.472485773838587,100.0
0.039971611216734655,323361.699894322,0.6908999041611393,457.8594732926312,0.06448676633001416,74336.25938617732,0.11021828029067716,4.6866064199412625,60.94712604501622
0.007533647405682681,147527.16650722877,0.5528868110496972,342.1446359522286,0.3755619908400574,82503.18885874437,0.9659552936270878,3.748705795237041,69.10003601243926
0.015061812733375372,485289.0157762445,0.5054695136104174,486.44547201843756,0.031148356855782294,110202.8802328264,0.5749309981776699,9.929647961193004,77.44781558407695
0.008320845413092949,321541.7137605283,0.9361861410285945,285.39402987656695,0.31840533268627863,92617.38200861555,0.5090869582909959,6.275580800840634,65.29785145227001
0.0070450871153656044,212385.27583689213,0.9276851678344513,450.61870275091235,0.23327180886499935,85811.93380213832,0.3496430646830194,1.881211597237613,57.599708136339814
0.0258664282222992,241340.89121042113,0.7626452503328924,84.98058663424317,0.48745345575642157,118758.96700316426,0.7283455426177706,5.360963663441204,70.08529104666697
0.03581290276492457,165046.77573795652,0.909917233022229,420.14175931542604,0.47540195751304276,95314.7557549524,0.6520736763422109,4.182430362906189,95.44530057761082
0.0469727817509306,446425.55580016336,0.5203484015477853,61.865138523763406,0.19446704977024432,102949.79977036496,0.98854851638345,1.5041689110352818,53.74470204163048
0.048646147901657145,436847.5692542835,0.877247917120012,260.91192190773666,0.21326155614545594,54606.63647376356,0.15073794698583443,8.647223762550531,66.64837046040624
0.041580545410853494,499887.06931445224,0.9484865766832573,299.9442675211824,0.38680383343845015,115028.91568941851,0.8646826516096703,2.4734810174319763,87.24973787935149
0.04793229622664251,342469.85378035204,0.6028892624765583,352.26530798263553,0.312882837824369,62234.644622955646,0.20220183297966612,6.715731955927996,65.35580326560492
0.028413846540670702,408927.3566942557,0.734073575500397,433.48167514334307,0.28043435099949793,80484.41743818476,0.8889882423925105,4.034828662123971,88.68993081786986
0.03668358956446506,185185.6646035643,0.5613671640140464,56.545099550546865,0.18178790381523252,83092.59181691697,0.4530196405897591,4.374749220237291,59.02762565251355
0.045687141252218684,239302.18680932015,0.7312952701219149,402.6438557335144,0.20430596333742237,85987.80302050861,0.8761273378720706,9.495206236576422,100.0
0.025661109030721763,492013.0301141908,0.7216781422967913,197.9382246293787,0.3203664186151956,51613.10569003738,0.16827699529779755,1.2887972191064923,37.845642580237595
0.01076206275309976,160761.07740491774,0.5624722276922346,338.3936351614466,0.09912124135558095,61110.05549914769,0.9071095689154106,4.739616402628723,67.59339442230845
0.013653005846390186,116347.44650659154,0.576020778382474,175.36565256438138,0.09673513729560593,37983.22803813501,0.20857228399054073,4.607787680327258,46.58828587511427
0.014285017328260666,245707.9444192302,0.7265377718846856,360.67767288321437,0.029262948522138475,101946.93590181383,0.665110350541817,0.8175903194887191,70.72208981126285
0.041279057590687764,399303.8761534633,0.5830344587103697,144.20719550151964,0.19153133036777717,73607.06866719192,0.6564292943772664,3.689136395697724,64.98597829666289
0.025814062225991658,398988.3752535026,0.5165074413007691,163.59662495480933,0.3595412970834307,110568.61539184794,0.5605096979040995,5.321134852653157,61.56129127953737
0.028967776990476046,196988.20145389187,0.6211594539272214,219.77787339708019,0.019834886911085918,58987.124902486044,0.2903032062968902,3.2749735217791462,55.60256158325425
0.010389295931866306,456210.91229595797,0.7671166040993218,355.59604361502033,0.39669390691759576,74859.79790361515,0.17822825927868133,5.371065418185478,50.996995580945466
0.024424679580335576,151032.1211182255,0.627699157609426,213.3870333793858,0.3264994482524846,81370.04742020207,0.4204870533080617,9.865152487929796,74.70353644996062
0.032259866871059924,194890.7166943978,0.5458021126791817,118.78661263294941,0.130519286908409,44461.32359336001,0.26791032164617523,2.850951686938471,45.56897289689153
0.02346785721453477,492951.44676344254,0.5504175059756236,229.03501957058373,0.4850405123049307,107895.64133045822,0.8353648638543519,2.579028270449398,62.662850848195156
0.012689941432552962,367457.2879697724,0.9182191951074136,300.5433018562684,0.2900902178402509,55198.11842942558,0.7925436398727432,1.8704374855752337,57.737456293422994
0.02784246704080048,196963.8929660321,0.5516765711326416,324.7790190987347,0.15142897108772532,82311.4399280351,0.2389264437467821,4.811401018548175,58.97338612771894
0.028966524464821366,120729.41472897076,0.6514719251872643,110.48660462253841,0.04105373553165619,119096.42091509508,0.39011846047725074,8.09874445854635,80.29745817763187
0.0392102536950359,338255.49624313775,0.7122092848475712,235.32841136627084,0.1809454506060677,113657.62298230432,0.8475574670089562,9.650269106665126,91.51593015982105
0.010593375056849513,392346.9900814577,0.922253205569467,131.55487977454706,0.04258317100972098,96700.85843610532,0.6170258018619207,8.41828776758272,65.50595509136096
0.014073229402148505,165462.3771462818,0.5739196090689468,416.558624104122,0.33594663814113807,77075.88822922074,0.42294743571115223,8.772005408131083,69.64716170295289
0.022660029834018595,426639.7757886308,0.6976107088565983,219.62499324120841,0.23671309497810716,57124.00867477279,0.772848442158626,5.027203900924792,67.33960716932798
0.022275104961794516,317421.14444559545,0.9079124499340461,330.90709816129646,0.06728003994709839,114584.89112521276,0.6649372477642761,3.3490561465708613,83.81361736642334
0.011267243269852428,417610.0757081184,0.7790327401678311,290.0574913893447,0.44800736569496924,100973.74901020777,0.23650739175947608,3.1172206779554825,50.226211095807585
0.006508959563110072,327955.87394852657,0.8431064085833107,444.5445365427872,0.17762005687079466,103913.15742048116,0.19956856325968653,8.464522917345182,56.76478172822313
0.01073698980493921,258914.9162241469,0.858782914600799,117.4628423069482,0.12233318366399432,95002.73115537596,0.748032882891467,6.411476328852973,65.43730204748888
0.016330957650812876,238278.39740156778,0.5817189725606415,458.80275260013275,0.29586197943539905,66076.6275087276,0.5158052232797194,9.472833396118153,79.40511365051584
0.01190081314022361,334491.93280671886,0.7276499054980097,325.1544059455915,0.018873990072211848,108491.15180497363,0.9389064542352511,5.65133183589209,80.87770152050119
0.03682573854410294,161015.61716570455,0.7593297620750659,323.0217708722852,0.21782402893816916,96279.98120622506,0.9409303132921134,9.255685129067764,100.0
0.02528777171318595,145295.2183363021,0.9431785395330505,427.50413890067034,0.07108471378960075,112875.7694355635,0.8829067258559155,5.188380571260721,100.0
0.00746427374699141,234078.89665836038,0.8612840518691052,52.08441035207129,0.17341459412866064,65835.18242318489,0.5836560426441306,9.198556164127606,56.79526662000861
0.020585569746468257,238781.28075849108,0.8318755616493867,253.49807340041323,0.12005636324059116,70719.55645194241,0.22677131834181988,1.763869865062233,44.831764267453416
0.046168065548064505,244957.55964665324,0.7612647576251195,334.5189295637887,0.016416283728283482,89718.36348150395,0.2602323701827763,9.610703174694551,84.38033887419924
0.011689822748890084,265849.64949080953,0.5384073506353897,498.5934133306763,0.25607555506230884,83584.65155880395,0.16036882964958474,7.499604703991778,54.96794513265488
0.014231283821690324,176275.08826546662,0.5164473505316427,262.43012529949965,0.28677215529868205,35913.77754855171,0.7979748550255095,4.532888347480276,58.448749178391424
0.028597562119741106,276305.09877529123,0.6803433773938967,301.83814908869806,0.08606772050604912,46373.5317445744,0.8756070589121656,9.461154621336327,80.8445031927252
0.03397997944575571,263493.66843923857,0.5114238600471552,120.26866881478566,0.36082639213522477,89303.15477191363,0.12438639325313515,2.219721619329494,37.90537502102825
0.015398365846463213,368757.09743949136,0.5088697419894639,96.84886189305823,0.40195888183286277,46069.019584890026,0.6874714970666872,2.381827810467265,37.951297706837295
0.037502011933504664,442278.5872425143,0.8735989390551462,228.73258832830467,0.33736171691961664,48448.58658742389,0.36383295723491194,8.963358185211197,66.3683090929383
0.005585086557983122,134203.41234178725,0.5935488148157123,61.93949174321887,0.09890336319400067,82473.7404872723,0.4792820955332482,8.926717110769749,54.42292407674894
0.01667405450440816,251876.96326690677,0.7656327241316634,170.6286383702943,0.31583296484607565,66847.04869721163,0.5968424627667822,4.361265291353167,61.24122851482599
0.018250959179386298,479381.32278486266,0.8436226073718923,113.05092909490364,0.4355493081899773,73868.80784245623,0.9050970042046823,7.998552559473152,61.18788675368475
0.017090481172322574,316653.6858643468,0.7850651989217663,166.04945844494102,0.07828447629568382,105143.72131193693,0.9859619626331969,5.256901823026858,75.21686189880629
0.012725567863173658,208922.93060774758,0.50827580444636,461.4344629522246,0.06769803061616915,81886.48279628283,0.3466496986184854,5.541780025157934,67.76682474967033
0.014288957229227146,104398.33146339218,0.5615985335309632,455.00838883164727,0.43820613800563246,83767.17919532774,0.640465174390288,6.650366745462555,83.97586053845234
0.012891707538055231,465764.7783699839,0.6884467362014328,222.41233771227385,0.2642696755885904,34226.937009754954,0.24965503188047147,7.380336164263705,44.74725012324243
0.016040709935659446,255718.2456167906,0.6299121815468149,210.0527224092271,0.3623324935402803,56740.95440608575,0.6097641762672075,4.760504021990997,54.32814284926661
0.03486520244131917,474731.8957299032,0.8296574437446126,146.72317036584053,0.02527973618002949,53603.76398698425,0.6355701376302293,0.5142581348425035,66.77172403823104
0.020040975086763238,408364.88149832876,0.5479692139101973,83.81200178111393,0.36681249053976567,74594.21845855787,0.7195621567849624,4.348273386037462,48.00985877049102
0.016088091495759807,427640.9270696799,0.8597371455360406,362.61341188449205,0.14335111724268174,83120.76001821784,0.4248765072460241,0.9158207332663415,59.343571035221075
0.013330981797737885,316760.37895134324,0.8928256261443837,379.50119888430254,0.40521496245211036,89290.50300396456,0.7230489080660673,8.491956515653193,80.49159313738473
0.01623506039866337,295769.9854572562,0.599544248818821,494.45060359849117,0.4725890764464405,33548.41302316553,0.7350176552641197,9.252483174156659,73.02566963854207
0.046196973391461886,113578.39143431954,0.813839120261078,183.80705331764784,0.4629541357344999,117395.2420648831,0.9498398402020906,4.742142166574638,100.0
0.04379191929451911,437819.75941402814,0.643595212959465,423.0119633678048,0.028133741010591386,83664.28906338477,0.30700795355893273,1.205668857772788,71.49474057177733
0.02029437336956298,389906.7086115046,0.529410353359524,191.88065202377464,0.27435073326391524,101165.08483550671,0.38687725263886297,6.2589137643700905,56.03348475069018
0.04486899867062842,346345.27527292183,0.6048317636391352,60.98035170044211,0.43634844821145563,31914.246976534843,0.8872315054157794,5.28937134027212,51.50099477790073
0.026594402913675902,351002.185287348,0.8931547013838523,492.8375611396828,0.38645397279361393,67599.01039506003,0.4792213020493632,7.375823015888915,85.65650870173809
0.015744971559573606,144189.64525255788,0.6595799709383494,179.25754624433677,0.15519097902343515,51024.697594491896,0.1378838706727257,0.1787393473341381,37.07732146549075
0.02229469912218568,371858.91307722795,0.5982142495392788,477.4825327776014,0.3953090570636205,38046.99020810336,0.4758226982064355,8.791183075621646,70.55198102131773
0.047512941003113464,286960.60449994786,0.7760351251448184,125.16527574143385,0.4956726268071185,50850.453124509906,0.948458596721613,6.496466489923685,75.07568388080004
0.015380141527299142,170611.2128022033,0.5992187940815789,133.89721796491455,0.39199639204770914,61511.273325005706,0.15205840890705674,9.691026301408113,55.453551656270825
0.044770364823354156,471100.9132780852,0.9477085201908959,128.25286214876928,0.2041585892623028,98241.46281336821,0.726418556248413,1.5389590633985506,70.1928527891822
0.015071792667018039,314789.76915736543,0.7668229706787664,311.038793527015,0.05482855032489989,108971.47763673423,0.3390400383298355,1.2951492128280417,61.5076961290395
0.04499366359410398,482260.59929190134,0.8879574277694527,414.28223362619514,0.33106857051312066,79577.16335482254,0.17828808392026912,4.084532130706987,62.46692265002217
0.03755390511598632,298350.2940315083,0.5364707971584416,149.08244087741508,0.344796794193202,36851.777354127014,0.8660862226438918,4.951465270139743,62.51277562237844
0.026626395979699163,336963.11386380706,0.8711064346663171,206.51414355598686,0.34222791475394115,80915.8767596212,0.3403254431524792,8.78629986355158,68.53045369283349
0.04327617780924089,446917.68038392096,0.8187633395217656,426.6559977636524,0.351761016217949,91212.66945842703,0.6567502403936659,7.527166395576412,98.49719263919468
0.012137229738188317,452348.30367957137,0.8923295874853543,63.16127736555161,0.4146502077767337,41598.28807261007,0.4016069688332278,7.435082562916078,42.13659783085194
0.04244603800809839,302987.09350433445,0.5028736422725751,179.16715992871076,0.3122941900041137,118306.75602246811,0.6686321743150015,2.5980358106415977,71.52529692585439
0.03353025663948251,315994.1518863422,0.8509304278180145,98.14128747213128,0.38290367222599375,78713.99208084992,0.9666928034730952,3.418721660386861,69.13930811525263
0.009612937759580567,474891.3948945805,0.8095485750353659,80.52667659732735,0.15747214780393998,93735.48797807534,0.16061554132189454,5.8217046017627325,45.63761083566165
0.020564737562883056,348366.20710699086,0.5205839152156307,442.1915627685693,0.48700959489692447,117199.00697571224,0.7746866485686322,1.3008624013063197,77.9050810169258
0.03574829194729274,278361.08255069936,0.6231319998267496,498.70602507097004,0.21882883809562675,70624.8321896708,0.24726143907250228,7.948095487499294,74.98913189877503
0.036215700160166994,188307.84511550417,0.5370714705271292,356.2246859336209,0.3307104949977563,54593.35742983884,0.9557772060253693,1.5105789178090023,83.27047823286743
0.023887729261675508,355410.3790656342,0.6789174790832574,173.3968410569015,0.49214904750031585,66840.06056835387,0.904689283311221,2.299546058910862,60.465753366340934
0.014589711681128749,112453.63315380455,0.7932500714191482,215.8368546756925,0.43353554242142217,72588.89160224015,0.9713740851232495,1.8552551570312115,73.37443058657321
0.03969148300898234,437913.29124675505,0.8424607959243495,331.7991447341369,0.0743099900643699,32927.35615421267,0.9287630630341182,6.166503145207381,89.21331315291475
0.04084417809392794,292608.94060502003,0.5527886850330775,106.33360649114769,0.34592699074219596,68727.53054095164,0.28047225403030307,4.915945467414369,50.53141556774428
0.017104703199579397,419023.64025487524,0.6396628815156082,254.84906708681055,0.01569406455496931,36520.219901510296,0.45324420076601635,4.799388347171235,52.940088151736234
0.03200092466536867,216665.03148372128,0.8127418487569441,437.05507873514205,0.3921269845577414,33565.694281352145,0.5324562525320461,1.0493017841817487,67.99494680908553
0.03281700804431536,380985.9882176416,0.7518419075691114,54.396881338632646,0.16996604103955604,76594.04790462402,0.17907984923035003,3.5062693120918076,38.70659702213187
0.006494139895611496,131431.3988620083,0.6786154742907182,109.72208931937716,0.2880950156481635,92051.84722235391,0.8205280291981746,2.0015024424481007,58.97031938788933
0.006421376517153892,474484.89849747595,0.5233870776431626,293.5833508854817,0.35743965453094906,108387.2211371477,0.742678238919185,8.017280830697919,60.51079355733428
0.020275258664426275,425930.0454986049,0.5360516808731038,452.66749522723745,0.27832026431533075,103556.79929662443,0.5070864560664702,6.4357769519652495,79.12652628695322
0.008673349191376531,124140.83359622552,0.6111964553045659,121.79510605093475,0.4371739476301788,49729.258862223985,0.9782787302372181,3.3689579177110685,50.62532772495678
0.013195306205991467,415879.4028569916,0.7964184989753942,274.18807240391254,0.2821281399594393,94728.16004450375,0.30560926719816883,9.963339160567418,61.815613444815774
0.013979410291811531,372091.2969725165,0.5324892840406291,63.79362599261273,0.13626461537049472,71636.06610653846,0.8814452548675424,7.271690697663081,51.35174671340265
0.038421793453999147,270197.33377923013,0.6556707466461333,216.9674433430712,0.49394828623066833,33609.827227123424,0.8803283465102038,5.786754085723934,77.80515910670263
0.026900102364111632,449369.2952326642,0.9053158388050663,239.77441709305495,0.14564562064517528,83311.5295734026,0.9211270110550218,2.106621890056666,75.68961210174109
0.033033496260356725,352624.0880370082,0.8299008600868765,109.20545830726691,0.3607542326942234,111812.92685990769,0.2617147979832178,2.3754332492387764,52.70037931090783
0.01612539834814297,448299.96050900454,0.7003873647511994,281.6678092683606,0.18602435100588519,83365.57662914347,0.2471714853265205,3.910815366517607,55.06095106369192
0.04862355450508794,203253.373080451,0.7955314990435814,196.3355289011127,0.3890018315864343,41778.62946465149,0.9728389405706902,4.5378954138363925,81.53907262907823
0.020165142939407885,431553.3463530438,0.6938993856478126,161.92142266443346,0.31240104343597475,93609.94951969013,0.2503377171108549,1.6761921628831766,40.36348812594026
0.006650214212009434,394560.8060262562,0.7987120374298122,263.58389408741624,0.42364351999490657,102510.31376550479,0.6268189279570769,8.682712805132587,60.26887096092936
0.017138732518264536,122834.74243572594,0.7390262876004644,471.4725615327327,0.029278334927569725,40989.892260902416,0.5069791254550917,9.33875017527905,79.08794128587719
0.019227024723953774,302893.923475357,0.5187077865726765,116.75444043293999,0.493448760249835,116860.6826792441,0.10444598284096866,9.51811785423239,50.561968197793924
0.02546329350352366,306238.4114317001,0.719980961115614,350.08891589574694,0.07842911483059331,32697.623088541015,0.3771369474320718,7.0468076273664675,66.97756775017194
0.014083405345532679,369372.97332996695,0.9364604207482716,92.25532210523826,0.33957503793031185,69937.5197374114,0.8813280289397548,1.771497894473859,52.581571900311054
0.04750763987633105,373299.21131585835,0.7237286438037922,328.0312580905462,0.43576344239457193,81354.87719749467,0.12734835372715317,9.309486955069778,65.15816634809295
0.03602870379642025,370605.3543108986,0.5970538185789727,346.49846160469576,0.20299355877053765,88610.9679337343,0.19593372727719166,6.5784530460303605,64.7365060034206
0.04418390526517666,412954.1936233094,0.7551573174440005,382.30214416309695,0.4404726250376605,66372.62894859296,0.39432984540691485,6.675933855635847,78.72346671121136
0.04135306738735664,404914.0539106463,0.8590161419863855,246.01249166581985,0.4107387659257606,40818.81498335476,0.5900401881647646,0.057586604981215705,58.7406724642126
0.022827771122416497,378186.8826759449,0.6748511455716556,251.9121301801388,0.12639662412842045,63592.66124664061,0.3045426645368363,0.7319592376844364,44.933999479077364
0.03215518670216201,367285.1194220065,0.7787706557043266,258.57231971025755,0.1960950322878226,107700.02846146427,0.5671736066225963,4.79181877629731,75.07910605282643
0.031107756615229958,313441.0186907514,0.7735572917570501,394.1974676939577,0.4083630119708858,94631.07686038449,0.9599713263594413,0.1823258267636163,79.58571704983923
0.013810009355759576,103025.14999125685,0.7913636213695714,454.1137470274941,0.12930632532238664,113433.1090316676,0.15424065126060477,9.344360268055143,75.49225583039296
0.026864229163384656,202710.62708820318,0.6281928058828653,188.28048421682897,0.40348268993800507,78524.5149007729,0.38017692924040325,6.103337833109183,61.788959428316836
0.03722678034004371,209049.6002934135,0.6860970956864082,104.84874200162639,0.09876318127199335,91300.60685684846,0.26329451292606426,5.251633836670601,58.541613330714625
0.030529049883300664,202625.11348054552,0.9333170938569109,267.5955410239661,0.4049363493898275,79520.38879406356,0.13907127956933726,6.3315137559402235,62.365740745722604
0.04781315039929957,340644.72805853246,0.8686349867420555,447.8929085067835,0.1217590882549769,49084.035591740394,0.6498828899658925,4.110284698067047,86.88248221584647
0.04012364818597378,209922.41421925445,0.8701764433311552,240.68221414194326,0.33709945065282054,38598.178245120136,0.6614733922089157,4.517676787372292,72.55517089606987
0.03139738084289634,167205.68309794535,0.8315931852248819,438.25868489445287,0.11620250204448006,38614.309996814554,0.12127472744170276,6.4197150044326605,62.5396100639388
0.015437619325218897,256362.39836220586,0.7675143508337778,273.54508648662625,0.49401490490529476,42279.577730105986,0.7256300986428345,4.043187681042921,65.60934198448818
0.02426898267165267,387039.1062632705,0.8115962680959663,496.0651971659847,0.07291320183252135,39369.86844457497,0.751904935415867,5.783869170064091,81.843764081712
0.008854621231839374,457676.3498656473,0.5863402961234343,195.51720295198433,0.12106163709122413,61949.667524874356,0.16248145847148404,5.190597909082704,39.093152867361184
0.00804256536164967,420142.60312894464,0.6051704368596948,293.00536157202976,0.44123875290511455,88578.96321424747,0.5796620078962018,3.243337531153756,53.145494859407734
0.049736271254952544,364735.67593975144,0.7510025378165112,378.79272960766076,0.2379507500190219,35412.81083407067,0.6060671342901188,9.576252845053801,84.46187351528708
0.012888632406094686,376001.9563282663,0.5904201598965754,291.12245801288657,0.057371460326892616,70533.38426323666,0.7805469960057214,3.4757152423898208,66.03144555315075
0.046723001876575375,193856.83274218143,0.6796921621141887,118.58720599868785,0.49631691605760386,113430.08711318657,0.5859614172525036,8.420332943764212,82.0916982521264
0.028443108977241904,349434.2752011039,0.5401059944522075,389.8716892235636,0.07257960698126506,104346.08672272756,0.8038252789033473,7.087446977429765,88.25141547076446
0.008943923604372735,474783.1292124251,0.7492110083205693,187.48593979611059,0.2045209433663989,70248.22864543521,0.6405349000245556,5.156794276964978,48.15123782685324
0.046372638794648785,298785.3931623321,0.9464711066704907,433.1412309852931,0.11217015203509453,113753.56931795247,0.2047297580969285,8.174497084911916,90.48923826821016
0.04406255105483527,422370.16004704847,0.8555136963381775,187.10561259411836,0.04965044869511357,66268.21608886453,0.2561720634878578,6.9495108890246176,65.07746964900547
0.020574487694200352,490244.08034396596,0.7884374348053993,420.11625363546244,0.07493708964350572,107581.30340453603,0.9304814714620548,4.870619188189359,93.07939486128407
0.012867738226718564,301026.430585377,0.6793983624975408,115.8682964730121,0.1900918669228504,36135.507844694424,0.1232307162545383,1.3516628915482276,30.68025492770679
0.04834018002151282,319811.8143580068,0.934619972518949,244.62404524855938,0.1627899052117772,75552.76765562197,0.4955605197696191,1.0566468426174391,71.44215192702559
0.03288145797040233,360080.43695926137,0.5684111839078916,77.60733219980068,0.3925731771735355,71382.03813923881,0.15234741595492823,9.948663171697671,47.515886562567665
0.007600125244836499,378014.09154342127,0.9426555163685361,157.63104689716653,0.07970219065672612,40924.6445480186,0.372947632810836,1.010458110106467,36.17254548345217
0.02792399576674054,498678.7415411907,0.8662866212777085,326.8487472039549,0.16006427418543973,86150.62526624746,0.5743373175204864,4.260833838903714,77.76695384967088
0.010881966953308977,454641.6860961867,0.7024030919695952,137.58013031934428,0.19020208192987192,67271.67772760344,0.8447841060101868,7.336143805614021,54.58943439677746
0.005863652457037551,203925.28349801368,0.8421304204049607,111.69936757804957,0.2723019644117699,49368.16848155137,0.11090869717950395,2.412014575995415,26.747777997570743
0.04891431897095242,420614.8447531958,0.931809489944465,269.53431976686306,0.06377073735197672,79316.35400763236,0.5089396011039649,8.44357082739616,89.29797050509104
0.011752189911229293,229870.37075602397,0.8318106848245098,264.20815821594493,0.19418525972142697,65502.865071303175,0.513502091565388,7.850165438370569,62.145266129111434
0.045143811002310553,482133.8746015713,0.8541065238148828,191.93310308660574,0.3471860059824057,69384.28116498527,0.32920355984144606,8.408715794259226,74.73563779914295
0.03467092649926022,458047.09628261457,0.7865013569752433,326.2701131420278,0.042659499874738084,76656.72197506836,0.2351521007353375,7.374337687214856,68.08206076659987
0.028049986436570355,372091.1116833413,0.5187528052710729,88.15640722061144,0.3609984601507143,36487.59023988061,0.16413105498873276,0.1210847523488745,21.71640496864878
0.02073664533856323,409861.41247247276,0.7976167749816865,133.33800554036057,0.09531357431370133,38855.60847420576,0.6942724477312043,7.643726622217359,56.98742814411737
0.016927089274625183,108377.98441236513,0.5369772503643923,485.5370156802637,0.15476794096393592,99230.08330543202,0.6621972119688374,3.8193963965289592,86.86195795935214
0.032675583561749,409853.5122551152,0.7897569140935088,288.6359599621212,0.030556099481501772,117163.98998349454,0.8188427724891171,2.928220367009647,87.17494342143358
0.04909866482114828,340752.63585452887,0.7620901961932609,386.6329307432894,0.4077671961641674,89083.07465983524,0.21528617172958003,3.382675059944984,65.83681017066858
0.024773224536250353,345175.8329978102,0.9243841269851184,158.31172032462723,0.06953567438744984,47772.34408739436,0.8982324101883425,6.458108126552061,65.89751217186559
0.01786580551576221,426378.77558744693,0.8876164983635462,430.9314524106251,0.46027400148338166,52701.69181560254,0.7795377358716504,4.6053949727414,74.16281849949536
0.03994013509248761,362464.7350724286,0.5798429462613681,295.26211350362223,0.49248817236700904,114364.92598474071,0.1388563622173105,1.6481481572943713,53.23813801847846
0.010927794805455287,390391.9639941182,0.8680033984356252,146.08011483980238,0.2578678195463962,105663.272521008,0.7595213902896255,5.422372054918483,62.726377144510074
0.01838968030934693,326008.79714360647,0.8099983859225408,442.99531213736344,0.32178276344983153,98500.93833388422,0.2440644714591157,4.6155747441978985,71.78768854851734
0.0054199228922191985,198671.5458086492,0.8269077718008522,496.3144781072136,0.058597268797735795,66134.48842751594,0.8200638718292436,2.0403563462889887,68.96400513260348
0.03271934526170806,175209.89384616644,0.6599230559085827,402.70630301842874,0.28157099192468815,30470.665218862145,0.7848916840252844,0.3531135494023907,73.62613575973874
0.03855802022290545,180992.22406609496,0.931133066053721,215.57333808593802,0.17019649200565876,43399.92452992002,0.37504379394119336,8.766507618282006,78.13605998367912
0.044878810120928356,337217.73367471364,0.6761865641800232,235.6798283818807,0.35085289178343537,30289.64372438508,0.6576304037138566,3.554930104413574,67.09744365131442
0.04073887990746879,137196.25592925286,0.7646910201267757,266.4378004487557,0.3247395076935614,35836.82350346715,0.6219854086853182,5.614845879595237,84.12220004761204
0.0354410571751863,421995.5998723079,0.6214193240576964,421.27223458102793,0.2541452843090923,36935.24512208981,0.15269583631958128,3.3423831869606078,54.621474691138225
0.040320363970016045,383072.3738963663,0.8548767341025829,282.7710753987242,0.22569750899819038,43270.72740356556,0.39537347824838043,4.340193661738753,67.47730613968538
0.031920138232868246,394265.24569567596,0.9492563801268272,469.90099910460094,0.32485694777224383,67912.32479646648,0.6725596282374094,7.85651618080232,91.34551734430207
0.01032512859155243,263961.95587851526,0.8779110285360276,222.7248283698698,0.2902174129013214,82899.24247759784,0.2660286278202754,3.622354416522884,51.0416056162478
0.01844265081149479,476271.6980461362,0.6166835414895981,243.34556573252078,0.4376378227374549,105774.02101126278,0.2674912760616496,8.026433097957105,50.864514158586665
0.025618409903205172,293187.5488341421,0.5600659875871747,86.27068119070609,0.3666902604171449,74681.50371197698,0.4931656323536616,7.295082286523967,51.54600253462283
0.03246013172649386,154141.6329110742,0.8381187887130706,345.6298203202128,0.4787411643308944,36206.22147207791,0.1513492490361289,2.8218707469320012,51.31521001798297
0.01677675576811577,198791.51962879993,0.9078145612344665,162.29578993227773,0.1432553658030292,98345.84361761673,0.504765858205486,7.767105569551812,73.22889393428288
0.006512612008247719,125061.28138214181,0.9078968540049849,112.66041700291782,0.27088613431485636,66998.60423406359,0.41260899363295844,8.998333456872725,56.458645456443904
0.005982052854897028,365515.87447023566,0.9335274953960977,302.0756825578289,0.469043006396215,34703.20913574214,0.47691398716674527,2.6015779096205116,42.11484342572957
0.013914393474188307,326132.10182864394,0.7087696190097512,487.4023983341917,0.3081783636212686,61455.57348781369,0.20268620639914003,1.5124682873493456,42.625429370024776
0.01513926184780558,200386.6645361192,0.882777226028512,302.55025472713623,0.26646154657343957,40329.19846822957,0.8741257240144915,7.228143032084837,73.32993647545433
0.02945921978041908,132690.1382987113,0.7062352886878954,268.1133292085211,0.09122952468000511,115112.83323002541,0.8649778343325958,6.690223373291083,100.0
0.025803300245027326,264706.21663380344,0.7929380602179293,295.4443412331075,0.04051382188212395,76125.23838932985,0.8257632555095555,4.59239877596958,82.26172500622023
0.012411785904453316,232086.025948599,0.8405381775598857,283.7236367767718,0.11039182433384914,109004.70703368368,0.8916236694563763,8.70578425046007,83.73388023558188
0.015745829512169268,280495.73767239525,0.9432453452633938,397.4056143394957,0.02331203640052431,35868.413213444284,0.5175382391310995,9.092202058615602,71.52646100553432
0.009746316498048378,362712.0418897176,0.8699464222701014,221.18900337840304,0.39004980695341046,116802.89885107304,0.2833898132149202,5.233296311947413,64.59275904418939
0.0179212081138059,417141.76761353575,0.7599170146465208,335.5620878976367,0.4009779382117881,65637.34253962093,0.9235810615663389,5.3302886724614,75.09222356056054
0.04069676076972145,226704.67082701065,0.8857306656494388,457.7644646445949,0.14568319881512637,118516.93254436998,0.22664037524388259,2.0201566840249,78.03617438457712
0.013290117765711176,457595.8840031482,0.7944316485462328,118.4469274500228,0.225758475000491,85376.82225628218,0.17511767649044496,8.824163684073387,49.33275839785232
0.04852069768666267,267104.39171003987,0.942849643566424,350.5639994616322,0.32098892389443134,44935.94057662065,0.8937349824741796,4.2748968792061515,95.99564886951079
0.012300503260211572,105043.00799030362,0.7518900576372721,287.32982995520433,0.3624832749608877,110123.2247716022,0.17146592617872658,7.314964903403624,68.35132791057602
0.04185785812377452,316317.50199421775,0.8196092593804902,191.4575509326868,0.24087227047707918,103947.32079394245,0.5133386774558926,3.577982653254418,74.93090019496344
0.0272395601262635,431299.70097488735,0.6508436213168927,128.1927169110847,0.3588868699620826,104338.03914372736,0.19057373067118,2.3987411275594472,42.5758398238757
0.025265794050743574,399530.5347853226,0.7930164131967533,329.41785536529403,0.18266372383873067,105730.2797776284,0.5241584506583481,9.791049380151545,80.79911178814034
0.03353639622330816,150505.8966258011,0.8042799029339452,196.29680694426455,0.34630032637618774,36267.70333461652,0.2573932934583635,8.557372589057863,61.317403591138536
0.01756742398044847,357152.76402348303,0.812367758079424,280.6946389152738,0.15960223158139833,49137.99387339865,0.1298704191061836,3.039464012407238,41.11884708273155
0.034392325573907735,475321.9273793931,0.8920420170183734,394.72914944088615,0.39633919819411634,89848.64131283958,0.3342581718094027,9.071950307058298,81.40172389860939
0.009994526114606649,278822.21752257016,0.7071612220408668,439.05362428520147,0.27785762789201635,64236.04940733687,0.9791202956595934,1.1072059332631567,70.18220317668293
0.024014679274037512,116809.87006856212,0.8329568543451187,463.1344484896178,0.14721829147973983,107250.75091192088,0.36299640741570804,9.107701616439153,97.99750792545255
0.005810295002020452,485124.1428296104,0.8270019464316454,187.13799292375998,0.416403385780835,55336.9078573437,0.8854784556095151,1.1258039041193701,42.369936870204484
0.03666586898573581,316279.39065796416,0.5434405115879484,158.85222271647754,0.016077977775884246,72189.11689180552,0.3711387346840004,5.983574842977588,59.830949360126354
0.03844369394292215,119257.13439134139,0.9063027478363942,433.51874347603166,0.3372242947809392,83389.94130966459,0.903072248325687,1.8533017952871444,100.0
0.008553612298587289,195804.06796381524,0.8575602254150856,65.60162002691749,0.29557534919090994,119589.37645721789,0.8701264844537855,5.214456890435894,60.710455335509025
0.00922357781705103,463850.72777463694,0.8011401183221353,423.17905969253997,0.440699661138311,81459.51168434901,0.5657017165795372,4.304274103209902,60.130791860603
0.01926259645060037,273838.3843434847,0.8482458450785704,320.86554395680923,0.44733641207787456,69904.20129412689,0.6463806208468786,6.313075530919887,78.42305706660387
0.015684506076866285,304945.51101831626,0.5469011612637564,223.03009744016566,0.24895686362441957,88700.18335909252,0.9554779473275832,6.0065106654835585,71.99514671754567
0.03846172622794519,302506.4237980811,0.785346814119349,81.91949726019804,0.13465187461250502,62566.77838846248,0.5252440195058622,0.45648745502383736,49.54400043709322
0.048718971090547285,232538.8028412203,0.7169184761504371,138.2439707322768,0.30928223482712647,55261.48939643768,0.2862933205945841,5.16572628445979,55.961898386693186
0.005247760962218937,103065.61305969013,0.5985809640958359,66.52461312536951,0.06293261952403877,60497.458440487644,0.8223271116218316,5.720486433693008,48.135160560155505
0.04692891737447674,258806.01649487668,0.5391917450580972,327.6799322530106,0.06578081280353469,61070.08285215229,0.556670744846028,8.742225246851758,87.79328863495016
0.027209596115305344,380903.5064126657,0.9467675775495816,109.17010395409173,0.14461844750456457,65511.846803788176,0.47964536068494823,4.110210752655457,58.305310974034946
0.03235573463408167,223749.08714511283,0.8707056728995826,479.777230168245,0.412387158449611,30140.85946723256,0.6727612331650663,0.5113538144210072,74.08700095435304
0.016592324915017484,123809.88013910867,0.7717079538272245,358.9654610716731,0.0660989426522935,64545.499474048156,0.5106128580599878,3.690530217609166,73.57544233502087
0.03880301215137882,128403.06581330218,0.5360810063368565,209.6470813261929,0.4714455986932733,90171.53820506227,0.7108029610053083,3.6191999083786497,78.37179721658845
0.03171473560438423,104052.47361109735,0.786243220884294,460.97912640930656,0.3101609994889614,108632.87341197106,0.7515757499194844,1.2055841640369025,98.70066728628373
0.005526797482890683,268813.7040510556,0.6327683184443703,268.70022220892133,0.2928279444999299,33936.51650780526,0.21070296561137108,5.586423964504253,37.139114469046795
0.020442530892769623,391669.3950197792,0.7935312418663728,430.52196334545806,0.3493214850679204,68693.79696511333,0.7056699601549892,2.753811742554185,75.78290857871737
0.0250888782380712,419352.136207341,0.8700900681507253,435.9030519475777,0.4591512655621916,68788.66984619666,0.38698013648902496,5.821987465941138,68.83433279821672
0.021702759054693245,340429.66672009317,0.817513638189721,359.7822583214616,0.19353091463985947,45017.41815288775,0.48747640461598685,1.4259414408190874,59.493139040296924
0.011950688625049572,110179.10396230035,0.7906200738289179,336.60604285463444,0.1768960416248329,36454.06999628859,0.4686660054057088,3.1121749506339356,60.011121748761525
0.03547042878807542,342311.69978107617,0.664067177688893,148.05164941474555,0.49413762341624,70860.14590765034,0.7194468122022133,1.4055296757836078,58.08713672119177
0.027745480305970252,485606.96284708095,0.6728930208436101,67.54820565871022,0.02516833755047833,64918.80839521826,0.24402244281687466,0.23352096328185912,36.022118237065456
0.03902961262775796,283409.2035527563,0.6301601473876945,455.0374323574163,0.06690809049825755,116032.69460597873,0.3825700456396176,8.884036723086812,95.85674248683556
0.049280592344470894,215362.17512749828,0.9325109684334167,225.26685270608917,0.19890083332109193,60634.83938290551,0.5872668466128267,1.541450431784871,78.42995377274028
0.029917016841110505,316681.92496400164,0.8428558156721915,425.1424828719135,0.2258162616530878,57209.99244163444,0.33340140758538506,1.9462383670487193,65.0454705012559
0.017161146145885247,486566.95434656297,0.7509689718125198,206.2746675637284,0.29442912448691105,42527.703121112594,0.4996393742819827,6.262343214210638,52.682448177736596
0.027000402430660316,260711.5202617297,0.9472317750048642,446.14164296701716,0.31546891949812567,81243.96250640546,0.6585944318421256,2.0131210782243327,82.33383637530783
0.026399571686907205,317209.8335830653,0.6024873812464443,483.8129812244812,0.4556327593592486,94992.89119103152,0.5800479658888263,8.69969159647685,84.8130396387378
0.010879355472055832,416203.917709954,0.5561693662850817,407.39479814723245,0.14512610844316493,108938.152291637,0.949637884442858,1.4879596940511564,68.41492803247547
0.0267533346187916,445419.00900581805,0.7649291849590939,218.89845856382084,0.1500339422076764,48290.078197747855,0.7856183722399275,3.8654050682302787,67.70166180778207
0.028007395799033805,296930.1920004728,0.759775563154909,439.5097155310485,0.4905622783558804,66682.57877164352,0.8447670298956728,7.645277946547177,90.66258183975121
0.014021353198778126,143705.68412384856,0.8842828851299399,247.61741748518673,0.42501473856145966,110378.11846758734,0.1562118342571643,8.834647629860607,66.90365411672609
0.025174357491624,304172.9956016929,0.7819666299919446,466.87217302853907,0.019366886270584374,72915.91214860353,0.7189498381875046,7.227069576982284,89.07972858498314
0.018472801476725656,243486.2101668054,0.8619967434557771,175.44194258654886,0.11324543229492955,116170.32171342865,0.10797695660212202,9.978208556819782,64.3039252386739
0.03545695844858281,431387.71977964684,0.6325787283557869,56.44187495017699,0.37155606409514974,105073.01373006082,0.7664285187581672,1.428502873008386,53.14670412651505
0.03463432320515247,406446.3731182345,0.8806646478549794,326.1218514068563,0.05341630984514274,73886.50287004898,0.16988440120444456,4.075430310324308,64.21916012941752
0.023319792010653248,126403.93765609663,0.6569692402862657,99.94914445609167,0.40603525290451886,115291.92233680237,0.16508482773214475,9.551152072917015,57.381670728622474
0.008458793387427358,300249.7072281671,0.8575319950208369,368.18891477001415,0.034610745617347144,36561.16518311131,0.46258595436937344,2.9529049404794327,51.691842431595425
0.015457294537522155,212401.79956348543,0.8615672344835981,468.15262413433425,0.20850032031850754,111549.99019192473,0.3893461311230938,4.764369863437916,80.01433074854691
0.0490541501828664,341397.23841735144,0.6610163378510969,341.51785069573776,0.0702311324480399,109979.31722388588,0.5527755557018528,4.49349742039642,86.83879774130277
0.031363915480408365,349913.545115761,0.5322991128019309,357.1777495505311,0.1285465233546095,94255.73692559308,0.8402813149457771,8.039585075525203,93.74527237156718
0.011429418260273529,410138.4601612542,0.6221342212010215,273.5129402680759,0.1492943055344832,42044.552669972385,0.666601927202563,0.5433203482290383,55.15056518269769
0.038689035535679,227034.71810444666,0.5000606118520184,280.0081126567534,0.03295743517852553,54855.26020388096,0.7362788387101445,0.6268962162186587,75.69302913514395
0.019232156737818806,140756.9552264054,0.6621052634601925,171.6769788730365,0.42292883205867193,58201.31258266288,0.8100392245984065,8.918721448107348,68.6075738647699
0.024521783880943834,463977.2575417568,0.6697931242834367,483.8352874205487,0.053751867017530736,91831.73398529185,0.5444326364112358,3.8764880545564706,83.37498465406068
0.0051963471342639095,166781.23549887948,0.8208707227854434,349.8734361101929,0.48336327751305186,98493.40112257047,0.9556954369582042,7.02540501534807,76.58098604197274
0.018412349388774944,142145.9689003426,0.851820738505221,339.8671496641622,0.033611146072715155,62404.54193108805,0.9611198339358575,5.0040114571020125,84.366908250668
0.01439972258023237,247482.86834591808,0.6664159651942294,73.55975908436258,0.38610813797377996,67485.39887134911,0.839961898134781,8.503480011198954,47.99843284501415
0.014539732461439615,362941.3928680514,0.7125268118733418,446.07053206466827,0.11571293279646251,91003.18802790398,0.6469769100274503,2.953014775718328,72.87107304546363
0.03823688561595488,226250.93750534,0.7901746718100412,227.80890842517647,0.3594713728084827,47929.37474046478,0.9011935023725569,2.8740959646557975,73.66013912216518
0.021550369449026885,123236.78083213992,0.5501804955445744,282.13785622054763,0.14112041159670605,105193.2203167975,0.11322404978945846,3.7909404867193617,58.111784517467754
0.027178906300135103,261715.89890194763,0.7389219552854422,317.8092537075567,0.01486267235263946,71768.56435081534,0.9671493167988294,5.190322801295487,86.08040814072902
0.035489402035652894,224745.54316675328,0.8482961201687431,397.8146668442518,0.2654350633505281,117841.24409512922,0.21299519328638805,0.16947664889580993,71.32967825127272
0.010409325310425932,206233.13318344243,0.507898563514983,181.9888748512541,0.38883951822014906,76616.4474941321,0.41328603385145934,3.717392949063303,48.36353525434611
0.005060913157196067,219920.21102609436,0.7909064337370687,488.3874997173607,0.4250598052221108,32123.54681809762,0.9087045442073554,7.83198413298626,58.62837130751266
0.02291023818295263,221166.29153327705,0.5295626865294646,152.7059135721646,0.13083578113923205,73566.93627391814,0.7726999659370246,4.7380982839794665,70.26788681614983
0.007603000225122228,483115.9203952816,0.9242259435923506,403.33529441678377,0.4957506717664681,79003.40995202366,0.9664915152278855,0.7560504061675077,54.90777115379375
0.013812488786042153,156321.17955707043,0.7800861387046985,401.5948350862873,0.2933662157159767,43226.64386293887,0.8300113929401238,6.359547071637285,72.90208924517152
0.0224674567757148,369652.11821442517,0.6169572406592747,205.33649382239471,0.4595680631346752,56145.40551042784,0.522989441342143,8.901411373960146,59.988232124845375
0.011628636992553665,103136.63630876673,0.7839148056031235,251.45304143468826,0.075794676942115,116214.07089510934,0.576693751551058,2.418932941128892,78.20769735999193
0.027527160701961845,371848.1330940431,0.534307648088104,173.6167167715514,0.4054130905331569,71369.83833623951,0.5919194278290655,4.328160022094693,54.31465439224897
0.007249056289685543,437459.8656207295,0.9415366381238521,406.91429329853275,0.4283546116352868,51777.94172853408,0.9645642779618798,1.9692570445342839,56.18334107588517
0.04781434146628245,497927.71758638043,0.8202752625857219,491.51467930631986,0.2890744919878808,53358.760485848135,0.49329629709905876,5.93560935378786,87.15601619487292
0.04915300265430326,176043.05991349104,0.8566678023297725,458.5544572008287,0.4724137804819082,116412.20439649026,0.5693136748493247,9.773079079915037,100.0
0.03907895932104975,164668.57449478476,0.7146050479105864,373.2490289174018,0.13119675475135084,87655.36651939986,0.6999404311419573,1.6269974380856589,95.99912146487198
0.02745030490411739,104841.24671044297,0.5040673110856815,210.66320478650547,0.46383509353157315,50580.910164324785,0.6709273199845184,2.2207587069332058,65.83803051758602
0.01947514953467969,439216.8358405936,0.827987649021476,92.92967479094477,0.22006399028335247,32625.2787280738,0.5328011319427081,6.62434011701068,46.87932092359042
0.022902648147597064,467812.4098624199,0.9469647569403338,70.21008454802714,0.3828938825127421,63455.16597621089,0.45321236760653205,7.542649733470227,49.70883785862904
0.04632918944654339,480371.43780101935,0.7597051637172443,210.70452168522627,0.39589905207080184,52590.12449360702,0.607666625950166,3.5857846152487314,65.35255221061115
0.013621682558067161,467295.63467017486,0.5458116573272916,277.68105848071923,0.11821786365187437,33503.69669931007,0.13241693646228375,1.7522177210582734,34.71879863484699
0.044004665952770014,212991.49759081064,0.927706626758883,311.7300318451371,0.2239409529866954,82207.99512025091,0.565028546703641,7.587762537573251,91.96651082639917
0.045234243613996285,478582.6052601622,0.9016512023689135,238.75159728079112,0.39237909647337205,72870.21599709889,0.547785866931492,2.0468010905728393,67.43094388963003
0.03160086364663324,174454.35910133919,0.6492041145802372,434.7635907289708,0.11146714651331906,36404.245665608956,0.1621068333515347,9.407845205031078,56.25934861728127
0.04148953614535633,434330.3711642064,0.649485964902022,362.12812586320786,0.3878501797674244,88918.5618179359,0.23643556732008944,8.75883083517057,71.71387876058859
0.029259254873120394,212988.97054800147,0.6913526834469622,66.90699067950833,0.0726547325989846,98899.20754642748,0.10001047127982954,4.165658284822921,47.07125892669601
0.04878851733375498,190450.13249986878,0.6368894238363264,186.7741305147623,0.12290416443750145,30132.643987768028,0.7564103146791967,9.668454997992853,80.69449047982697
0.015093206747827027,365218.876721369,0.8338533471314218,431.79142059073615,0.21708830653666847,57263.78150763863,0.39276562062072806,7.126213330985128,64.23735431928885
0.021692345367099436,460776.07869966,0.8630120838626326,493.18628124311414,0.37958164724421956,65387.56809251301,0.631574050595174,6.610142542473203,81.23397944856329
0.008530511734270578,317798.78364154603,0.8191943728126743,125.29458680047718,0.392509541538523,82539.55024627005,0.9569996071278352,0.42422298206891695,48.95052650473848
0.018345196049266883,385769.6656284969,0.841552377134869,96.1321838299135,0.26178868746131617,75800.15000319503,0.43235269319398695,9.32924862569672,51.94219041490292
0.04223778439429496,378883.7527638547,0.8214469860807488,257.7722647159036,0.4612873153373222,92513.5884527957,0.7560829554902347,8.616909037873452,92.268162575891
0.013785827133042144,238136.78089795515,0.6510247044214292,490.33646077511327,0.42970323963648416,93105.28754312338,0.7543510854538511,5.6207279440257105,76.86396780341404
0.04761908001988336,298503.50115294463,0.6712329694414525,123.36590161921595,0.39524076960791843,96099.95388680323,0.4459195346717214,0.2519341395922936,52.50685936305351
0.03671919545195218,426851.2568062341,0.7458936422350313,485.1658738652658,0.03531767361240094,75431.60384740753,0.746608552590295,8.626404711491789,97.7409417323838
0.013066502535850552,420001.3927054726,0.7487181840733453,228.44915689548344,0.07454036400375584,107876.61830180211,0.24154588736174382,3.0978785920909924,53.80223554359324
0.03527163473940041,418672.55887654895,0.6127105544566245,331.1933448231495,0.29015553174043685,104954.7339109444,0.9154783544331345,0.12156771477386807,78.44820563260376
0.03533089635764567,120734.3196478916,0.7469863992848101,179.4347280696552,0.1603205337658492,61766.26531071209,0.6591632041446491,3.340499656687692,75.04285750246423
0.008075894013948138,413503.9369936429,0.6285912460667177,244.7450958196682,0.34586750277873174,59921.054143384084,0.15092709053204406,3.739210470128136,40.20283198444807
0.047500186221243655,356693.7589194233,0.8021656169002431,334.5269691369379,0.10750614809012402,67650.04776920521,0.7758458185269864,1.0137289755315915,82.29573826099694
0.024440851741752773,492147.49637687404,0.5303761460077199,283.4154474712677,0.09788869418598312,117360.88908687697,0.2019731542547178,4.036010023615912,52.483901431382016
0.03820482431755728,381821.7712109781,0.6902278866022695,205.9358755787232,0.2048300654909066,53784.86368427753,0.28479964483611986,4.8303969755889,54.961165171007146
0.034554022856355074,487414.9326799569,0.7716367402517188,84.64076017923483,0.04703597078849282,115628.08987610093,0.3675617112766003,0.9206698608247543,49.365666255249266
0.03195700642176717,349459.5113161064,0.7918271690534097,170.3309125358936,0.017404235265092768,116851.38325090247,0.3258037411219923,6.760262880525475,73.8983390489607
0.01908083273961417,208438.5015056263,0.7689507272162164,439.7430351252612,0.4738995271724638,39531.52239633819,0.2393457513379479,9.447362587830796,64.58466129531294
0.038144085275065666,453197.52993190923,0.5911846853609044,314.41364199923083,0.35355840126456206,91210.06969022754,0.46733652178002827,0.15394891691308477,59.824692832328026
0.02526144107643007,483032.40603352693,0.6795658929390956,427.910722998992,0.10238489681713304,90521.4448222526,0.9793062589950491,1.018931008729368,83.77791687911693
0.005374397400223641,273433.1170530458,0.5416814673731152,386.7729573543041,0.4581288452857939,69061.8875437883,0.3328404779398969,4.344033190066098,48.28029673362812
0.0336959711103171,196808.83199235087,0.8213237255201571,91.12616884929938,0.10764246486873238,108972.30419890337,0.7648508356539098,0.1374555401134525,73.45620357316598
0.01617693171664101,185762.5931972658,0.6218628476166377,161.4018966259489,0.040637884913994414,71304.64649371384,0.7594601273075486,6.067317247174364,65.82423355664396
0.04781708195795543,435396.7335372099,0.8622906433230482,420.34271226879537,0.46702814898505307,78982.85695023279,0.2802538160808633,6.167836078525411,77.85091210352532
0.03842966721505726,395166.95734161016,0.734652060875096,80.80642370011012,0.19184533983076263,112868.99476170215,0.6260040187816834,5.383319432557134,63.934536836211755
0.04529057401189262,366585.2190107343,0.8543241620385498,254.4554403804448,0.3188211375335174,52354.52478688868,0.7349147472551376,4.276013337033373,75.51267042904287
0.024914548166663553,359728.92983075266,0.9213262796610169,78.80285597387942,0.4141241863000337,56314.47993709738,0.49952750905574006,0.21913328775008956,41.317233247070185
0.0075279234806347566,296438.29175326606,0.9171997829862922,97.42694814851235,0.38457595675699713,66870.39480383933,0.6896563430719043,2.6023659798522933,38.371627297522146
0.012177151814361124,164185.04570849056,0.5317213755394151,133.54101720555934,0.33546749864459446,109352.15506591572,0.8327131170320456,6.851343098744841,66.04063081227545
0.018941309389511107,199982.7785590485,0.7317525468693754,290.9992166958526,0.184874127833844,61841.02428627924,0.8457000381154732,7.892928483196856,78.31954989001169
0.018850812425633554,465515.3775493037,0.9287667576511276,197.03414391351836,0.18366822490859688,75507.0738079763,0.9470087312803062,8.763194331423115,76.21280448957997
0.029901703538739735,301252.98902061605,0.5872383805716017,436.4675470256696,0.3417009836684503,105411.75373666233,0.872887851414525,7.483558536657398,92.26781761775901
0.024764477056237282,344218.7020061698,0.5721644327538844,353.1404378637085,0.09783409531224756,92455.46314591411,0.3066383446785718,1.1755130015021997,61.99956482961254
0.02817200074609668,164545.12042215347,0.5375994518798104,58.60803489677915,0.09121660671295814,110176.99814848321,0.3173831575315136,3.542713272172157,57.595885998455095
0.009740546801659995,188944.52189926812,0.7336510568510923,323.4887073930436,0.13022263394144343,35195.89433026055,0.45192958221465884,2.342033709263341,51.70221621564937
0.02370987965854949,271577.7333720577,0.7434072517271364,363.39341316624825,0.3540515871290964,45452.45169349046,0.5501014768689643,4.119580950341019,73.5177591026086
0.04417371348212229,352567.5684873506,0.7396268298871918,101.92758898051281,0.3067625657684716,40548.35151122101,0.4034859180091769,1.4284196481433187,43.40198190276281
0.022633671793461173,458269.91104751144,0.5919423725295366,278.5122787814506,0.21544311397135077,31631.163694115676,0.8134823022155315,0.6904590631459973,59.81514842295683
0.026341475943962914,324271.31797558,0.7827919054765642,359.884233188544,0.1341034679261304,30898.089899260445,0.7510992961194207,5.356565993475786,76.79279491284957
0.04294967755045474,294037.86399181606,0.6501327781265895,406.2011911661165,0.23113411538433493,46509.79767630911,0.8694766176053269,8.825598767723474,95.7914081594298
0.02598393902630766,130279.890923915,0.674521740462619,411.5919467581715,0.45186927398765203,48312.546824783625,0.16027625082274438,8.773504531328387,63.97439710535931
0.04856296154228416,126625.89116568914,0.791743103353443,83.34744015869018,0.19397977494858518,102343.30906741021,0.490125009480071,9.971823539029504,76.62028255929191
0.0301576678225971,228464.8610543814,0.5990500966571389,207.7342404287728,0.1925413041421799,36184.23099515649,0.4326167794840958,4.642385197392249,60.869541719757315
0.036894454485311944,103345.47275074283,0.5979503298112412,347.7579297799354,0.2471547904080761,30478.212810151133,0.8240451781886401,7.728095732903374,92.08998681022574
0.029678862334710322,126585.33031050884,0.844931772289663,312.6711144791138,0.3931603888074,97657.22931562563,0.8227018647620534,5.1800806640462485,99.93357736420202
0.03292132032733868,396901.27487963485,0.5764464527228309,137.73883995513015,0.44630066343747093,97498.00186068637,0.9174056398302907,7.587153211639207,70.32786788732129
0.03187198876956358,361653.09481114947,0.9001075657730044,310.46303953037324,0.3198717489209098,44082.904440324055,0.5265290981044924,7.16397111958099,71.68581635037904
0.0191222063700987,196600.2511971334,0.5967106866663782,241.18287929063914,0.4548408718029317,75635.36820648465,0.2691283427337907,0.7697166938087407,44.47231236456211
0.03632702653120664,253119.50577455515,0.8698239259634116,346.7798458883466,0.4001583107652706,54475.14354766039,0.7231230302149523,2.640619846937188,80.3532356509006
0.019603031007890397,207804.74491690905,0.5859169632822395,362.5884315021775,0.11717065036898437,83577.29393347402,0.3381715242328216,6.619689447938686,71.17343757231363
0.04167228778432427,411210.0972578613,0.8423830989188517,134.47508256151343,0.05330862402241417,92905.39456386471,0.4315124924149162,4.3234622640334734,69.18364457774715
0.006754069429750869,366738.95652226324,0.6453623055893423,454.0636341309496,0.4451779125776776,59276.155652557296,0.9108648061214211,9.961576734987789,60.80057106423488
0.042143704885577664,437948.53910209157,0.6120539312490905,309.51607948599036,0.04295539784401025,38542.614313950275,0.9990033508299615,3.2663924942591094,85.4439285224408
0.04361104719532532,499051.3189608626,0.6086734183655905,68.15787208686487,0.21148384381734714,41707.260284605225,0.12018330024584961,3.604268271414861,36.32121236119988
0.04026822129838564,326472.27649002837,0.6407500951446593,344.4539024717239,0.12368890835131724,31294.330146487653,0.7879180477927846,6.237430848640091,84.48483772119563
0.03035279078206881,349845.61924581265,0.8889949610907638,314.12142795150817,0.2946656861452079,119161.12413591893,0.7810571503617112,4.422938054511353,93.62750686229724
0.03683286500148175,255692.1886767154,0.6029939581175745,318.58334459949174,0.46480922807583624,113622.55680139165,0.4077147502949413,5.276774662216949,79.2676722745117
0.03169211985677607,121339.19879555907,0.7046439541486975,353.65383597533474,0.3419904908030055,63581.03565801452,0.9475227879922274,1.67357032236781,91.1692399405498
0.02751617507970023,376353.59062032914,0.8137111126513141,341.887530545967,0.1448912245914115,44058.59118179598,0.6723462941440398,5.993021161394378,78.63448595560185
0.02548273962801454,367104.23664126114,0.8768151858965678,126.37779285961543,0.01938098531844997,100119.23277562081,0.6487276826373544,6.996395696221217,70.89953471072751
0.04271697387448892,421124.3739298002,0.9324140661179711,291.1707854834532,0.24936286000335364,66169.8479901657,0.2383219385597841,5.726072328820225,68.8302900409911
0.031243586192469395,337136.0722032441,0.6597160973946545,73.39520838996837,0.025554445032764425,68100.16297378778,0.17610884028751406,6.068469555401391,46.783934906141916
0.04464378525378459,453165.9266074889,0.7965704345595046,145.05432416281894,0.4328684473658473,109748.40917818874,0.27698822645766286,7.374260857706773,67.21366933956193
0.04987570549566212,112010.40213175713,0.9038146396059193,330.18374011939613,0.4869574833907624,71850.8565773785,0.8626491375142363,0.6239406859827723,95.54994075323765
0.02008755725352331,126806.61510048399,0.9389044100655817,417.63825827232654,0.42774823641052556,114416.87082905047,0.1765931375078068,3.8559759251333334,72.23861624535657
0.017085297535413917,140391.24272710443,0.5753709900923485,116.27400359844091,0.4868076309770262,98336.32562266263,0.9709853187426057,4.397404865079086,63.245626200010484
0.017526581674819547,419317.27888367465,0.6468142631185161,184.72251816740672,0.12392793618183727,41671.10804018118,0.3308167549150894,3.553197484738877,43.57742916920402
0.014472812284940434,423609.45611667057,0.5661148656126969,204.1903159351347,0.43368287171048864,43943.278002909836,0.17446315205637092,4.845379950800108,37.11713644243348
0.01860887800753414,325363.34579354164,0.8617122007175637,111.71681966873442,0.29454255143159963,75495.78843508774,0.22967090741187962,6.2399848552898245,49.59136109879958
0.008702254592467786,283833.6228854492,0.6379085606192691,420.07154503340945,0.03791957622871046,67674.6547426497,0.5125882817182942,7.250060762991187,58.822356739093806
0.030842940879059498,366884.9348776724,0.8496721785432902,437.99133814618494,0.16379899339401055,78422.04348275127,0.8560972705952798,9.894511309650564,98.19084928095907
0.01378249327483927,295757.01496263547,0.833738653326219,271.65608183898394,0.24675862302369755,105440.73789736205,0.4252634011604677,8.597946748116456,72.6258419333179
0.023306216042827562,231293.24227133577,0.7042954600398645,393.10113140369083,0.07174099365335719,47677.729428481565,0.9563003430967828,1.7549162738135737,84.04620616237155
0.027033100792261018,357898.0994307274,0.6034220266089283,298.6980204995367,0.19236489507097962,89550.05336662702,0.22710118903583454,5.708774168394762,65.29451860774117
0.013337165992249569,211457.22524601454,0.5984194101456124,132.2770009409677,0.41459836626472685,55713.68108948013,0.9344114036780043,9.699265253451909,57.08143192111279
0.02185467095208116,419092.9053392856,0.6653258279136817,89.15774823625495,0.2828246063548121,106060.87663464314,0.8163337484291522,1.7512314013035324,54.522413655423854
0.035274407648561004,188201.70537425886,0.5981933905484775,443.33229798733333,0.13233778684271277,53692.261186621006,0.1005880516851696,8.706690341255177,62.795778292927864
0.038761959377247905,160819.4269697967,0.706245617564409,208.04872430695139,0.05595049786593808,73751.74366934317,0.9286656853083718,0.4005911905069448,86.05741742413275
0.018115741107220727,183016.3744822814,0.6071659941495633,458.7955483457189,0.23935383657480216,71966.94716458369,0.784518078209754,1.544922040049258,67.52219952924938
0.03186098107459953,499823.08130017546,0.8462520023369211,229.03956635784223,0.415500995614283,45363.752698123215,0.1274173176780641,2.0444837246427303,38.34901261696796
0.020318520025141687,304232.30298382393,0.7768081132435398,459.7725727464898,0.25982846467972426,75114.80801631564,0.14521870884068394,0.3491155265622381,41.77277689249858
0.042763117774113436,164271.83388473807,0.5112372479526723,252.06744556855665,0.12636449280860618,34465.293600495366,0.7521384581628661,1.1159299995724747,76.2422746801622
0.03237437750034973,212419.90006675565,0.5780732226597599,220.88818531369287,0.4027084303492473,65288.421921411544,0.7756926842899501,1.2548629679915069,65.22670637454104
0.035482690844999276,326312.62193639856,0.9181151227452593,224.2951330888913,0.04242094252887582,31723.99369961276,0.8441727048754778,5.247356376614322,79.76517550324144
0.03988598233257272,193770.24000460588,0.6552876854809552,63.546742495093525,0.48113123904131494,90108.11160307321,0.9398845789833756,2.6549640742907235,68.45009674856529
0.019289736511591483,439243.69400625204,0.9262226583051114,448.18480296320195,0.37214281821029255,54971.82117524586,0.3534544378950686,9.633603204460378,72.27134043336802
0.005462802317106142,386419.9892968578,0.8178107731498679,330.2102934274088,0.4951533345825642,58069.14921873527,0.40597467741392335,0.7893940294655555,32.39055815601584
0.020452401597993993,433828.7161022511,0.920968031087373,133.57988240233354,0.19252937646119828,113576.75059038546,0.1556276146203004,0.9236052811137851,44.809549423087226
0.012325594514280322,338085.1336507499,0.5677125219526988,485.63437165283005,0.22889011835667497,75136.61643151497,0.32199275422486584,4.709602524347335,60.66128920538641
0.03892406372194609,331156.44507763535,0.9069618987472357,417.8335312877492,0.38095357620232645,35004.496951241454,0.10619016599768438,2.1244727719547294,49.362115523355854
0.03485856172610535,264478.9955530183,0.6810828166846903,448.0640997033262,0.44882579558460095,111825.77376482272,0.38249026886352455,6.910558127392617,82.09150625151321
0.013308460580631617,236843.04834543762,0.6934809289009197,423.9271269747808,0.06874663580162893,96143.32626554048,0.5783094227703748,2.879453426759925,70.36481383963539
0.02717688130397711,219976.82791080908,0.7682368798572377,245.2297652848599,0.09055870924865057,40492.47671001271,0.5920261138649171,9.024130332861034,78.11561046025976
0.03463976097228952,472621.9657237924,0.8694414577846133,304.97236650745833,0.3319449441347126,110854.78199256313,0.45956690612824136,3.2679470585777737,73.27450969577663
0.005486498763583835,430620.4296765857,0.8604413151815142,97.00453314506812,0.2926601167550231,71758.35283501988,0.2068381859582003,9.805682270607235,50.62745661707498
0.006459955072123414,363487.05549080885,0.7395313441781545,96.46925399377179,0.0945366997037174,81117.68675844725,0.3667218521619595,9.38315728651316,52.502953060713224
0.04184331032678229,493426.8826054652,0.6168518775276863,486.3756347590897,0.22130459619786336,61276.691578237915,0.14531457427241792,0.5276525785960262,51.362698897434115
0.015193473171624759,345588.12253009307,0.61378615321255,309.93428945499016,0.18601228602151829,104119.70039506372,0.8386265446901013,4.773503981224013,79.23574155416819
0.020786859920075704,245023.91862363782,0.8625715365506981,197.68076725892539,0.11243909311635454,37621.95076877761,0.5200238087959675,4.821320989198419,58.026349278056834
0.022144607315078,423362.29555747635,0.870630624837038,223.0749841904457,0.23497077141047365,57295.73017643546,0.9392993905773809,1.186437657415803,66.96861663935854
0.047018724035066156,373546.5807341373,0.739207468709029,64.69657735302314,0.24304213399278407,66697.3294502459,0.2450969307776103,6.564096035006569,50.36060451190294
0.03716389743997756,127380.18102640672,0.6879501481176477,102.36131832402315,0.3102699594128901,114463.39423927391,0.6955999592244747,0.7680304831442153,74.49858660599699
0.02095997922432873,320265.3517763406,0.6814434902599635,425.1398047138276,0.40918879230789473,85064.79180928992,0.43611215061943476,2.5533637376324414,64.55827616266913
0.02359276327434738,370329.17004162946,0.796171920933908,81.54866283856563,0.20367706456126733,46360.09804956257,0.24113143478512514,8.27302149737246,44.33740208477535
0.00688618475223159,267673.1503608485,0.5756916450949332,445.6985970553133,0.2829498515047672,50824.25727391632,0.5521845584497388,7.314863597031158,57.06491760737735
0.033341929449561845,261284.25327352912,0.8385790470367045,289.0823082579194,0.3419446549018643,68561.21134639159,0.7583468176388252,8.24471517604549,89.35368530662808
0.011589631547126725,433171.8862296912,0.7431334393056382,430.09965909060094,0.22133783610709717,64113.64368447315,0.9235546592655002,2.5116926754840128,66.78632048093938
0.02813429491480669,223387.31259579363,0.757868990278557,196.3450383242951,0.029242012978409636,54479.874480992046,0.10574113906593162,9.783547870568567,58.855798039225576
0.04845862444188864,258062.118988922,0.8277668844528407,205.61274428469125,0.33883564697212826,102488.70387413813,0.9520806202230166,4.00212275849672,90.88478700854058
0.04956495367071418,110307.83950574046,0.7715879629255045,346.7776917430972,0.34714232296632314,40834.88209101801,0.9446768051258174,1.811832790500828,94.1305191141001
0.03302390314579285,189070.43164923397,0.6382473876595719,295.90634377765593,0.21442477509664248,44420.30408788557,0.25384276217876345,4.181447881627997,60.0310907450165
0.008785744801672228,257241.56302376042,0.5451105036752945,57.466616284669044,0.33424215449553873,84220.4497769929,0.2467172024333976,2.3381283309306413,35.89656403078357
0.006066848914003328,433978.88227776147,0.9386107682218481,110.95679155761087,0.12342285474499606,108156.85715522406,0.9338174181605663,4.196273828068104,51.28386376204701
0.006289359240994453,333300.9569250227,0.5050861414650601,404.3173811671728,0.16015208312465207,33623.22027083089,0.629516998884838,3.976844144330547,51.591112436067675
0.04882101860107173,317679.4650014809,0.6238576314666537,369.24748908528863,0.14303108124592856,111381.89622668085,0.43724977345663885,5.498685627762052,87.75605644324416
0.042456359284744775,422259.5221453368,0.6009433514840868,151.7355819547532,0.410479602984486,113735.8578152393,0.1858248291457032,4.500586394262252,50.89350694228227
0.020185442553390307,448275.3821829757,0.5375862116060084,145.00667415111684,0.37870948541738225,34616.446408309406,0.5432818426428604,4.4210703467972,42.42450198052592
0.028847326411860486,164546.94335535326,0.7573981452276167,412.44454818499383,0.3824788555971779,43850.991422439634,0.23432452276732652,2.6817436774491332,53.34193484847532
0.02124836268534668,263382.2325633931,0.8058637475750053,75.50619447462593,0.02698962507077253,65271.950664951815,0.7274473229241825,1.9343534295648257,49.32047958256277
0.04487387489660824,458275.9777066466,0.6337792419265968,153.49718928345823,0.21153894631245332,51647.842666213386,0.7051454589625332,8.260646845482855,75.01119397694912
0.03528914589100477,429740.1788997398,0.6786464729933633,120.34263681898739,0.37159596422482016,62442.70546273985,0.7041437427062193,2.7064394198176567,60.07307933686359
0.043974569542002566,215775.80864779517,0.7104565456181946,328.72548621492587,0.21148333317605064,68473.78086812411,0.39725620075187595,5.64231816684536,85.29822491233348
0.04327585376068022,180611.35120252514,0.9204948674390485,360.08944418670336,0.4134038742132148,80057.16233670105,0.8015650312816571,0.1620039733946721,87.94571079662617
0.039441351373611835,201210.53636810128,0.8895030724274915,96.27916647086451,0.07171804622588554,118123.6399590554,0.7064550084430041,8.468872244289528,85.95402376781439
0.019594821980818314,370593.4998082418,0.7674088222888686,321.41755405532615,0.3444409051734836,81782.32558161888,0.4861561323723994,2.7592269438054684,60.748648595071685
0.03615594377694864,193333.12905973065,0.7813985764795042,386.185220208063,0.1171698055642042,35394.897077517744,0.21787636869475668,6.059969672710254,67.5899867742287
0.0432250882801581,117998.72849416974,0.8303680665687407,203.59339067752344,0.24447890126056604,113597.3594861009,0.39877435426226093,4.65336933939486,84.60938444121491
0.029666534122760994,169858.87435853182,0.6331694132464772,348.7210136837263,0.4829983345788959,34537.50962419883,0.9013458887697394,5.768812013112084,85.03967743478799
0.03037638050400307,300111.4140831041,0.5312273386568825,90.4445832812723,0.3044468827729522,60686.27142920025,0.9255412599199127,4.065905373594722,58.92072573740712
0.018200903964845444,310188.12294235727,0.8140247534773265,455.1188500409317,0.3981736854528213,90872.49610854517,0.7116698641556293,9.459246440320864,84.18791311931041
0.018312084387344125,100444.83767847496,0.6223795517291894,148.0511208320348,0.33429894670585913,87034.04397889762,0.6341152444342514,0.162434432094537,59.20649981842367
0.034927519505298404,322631.3714008613,0.6542289164425582,110.55932019684849,0.05626525985363567,104836.64998010012,0.9265577878734021,6.497880467642996,81.53564212827254
0.009654535168721752,260810.8867552963,0.8280226400473207,400.91939780453066,0.0679271249226334,30002.764696084418,0.7409233412925444,3.5659617598620565,63.27048164349105
0.04809342408226646,326297.9802453157,0.7315075974829524,88.2753734701585,0.2789476727558739,64198.11710688552,0.6464217527952192,3.887263478765467,62.03740642470356
0.015813460555266504,137986.1100913506,0.641713300065003,93.49017542948852,0.09667950590375213,118860.25427215913,0.49969320121595673,5.3187176650501655,70.68057254130683
0.01971234609515039,222297.58297891644,0.6812166744475521,352.6282682031421,0.3442739277349984,58371.54911845057,0.2198889317229658,6.323962564655085,57.69593281294304
0.010774663798494403,331397.00329173205,0.812039957625339,365.2751733775032,0.3792013342232024,108557.3479409098,0.5499630927683096,7.302491895295712,66.99307692103875
0.006156034019123367,213816.5542707735,0.6993651678519287,327.6976749928953,0.4264800719465706,47662.11450355491,0.21299481090862937,9.634799474743275,47.8300470809465
0.009862005171938321,291396.42804287566,0.7635036779569858,293.6184894083472,0.05215575694614217,35132.422260325744,0.1949350847149321,5.855876838726125,40.51660418460898
0.03369983638305162,428027.00082225975,0.5187105319309672,274.15847459661904,0.34776210193031826,52708.073436271836,0.3769938147638342,6.136379029893838,62.485958857540034
0.045407088204968166,423969.76812115975,0.7624085985948126,378.5997729907621,0.18876301040182136,87686.89752888819,0.5195634320148013,1.8993613645756091,82.53715730043227
0.021137971187911615,464535.6760314523,0.5094203530220299,192.0979180622732,0.037871884911046816,98987.45845994644,0.7318967087024133,3.31352218736317,69.09548170882593
0.03540483059931829,258374.89047837994,0.8403142061400954,254.38264823151772,0.21201706663751613,114125.69239394709,0.32579118990163025,1.2044733999656543,71.11320881572352
0.0220027646177234,124814.70545151261,0.6526873702893053,277.6692444438013,0.0893422732497847,89229.1996250843,0.9979744501091805,4.517394759814438,92.2072137320233
0.020962785052859572,260281.66673378667,0.5518157802778405,447.47312064180073,0.21326457120546247,64854.69702823572,0.6937212456374269,4.420334209311235,74.31707975665515
0.041617550467500236,476201.58115176106,0.7919444237717237,479.55466798646484,0.08420183404128201,72967.45705323183,0.6416260605509025,5.817366474211867,94.22627885708627
0.02306578005900695,235233.76374650456,0.5570708101476884,226.2841027530252,0.08970379940168771,96092.91088429965,0.287947841945131,0.5856530528453385,59.99838223815306
0.04423608775762275,330792.64496707276,0.6554663841755506,411.35534668684426,0.2747366576618363,37135.225616807256,0.6092655042819219,9.080185454216624,89.74771631229964
0.02283406814741993,218530.32075992003,0.564561255658109,118.15048487091079,0.22205802732749128,83611.18417453766,0.17255386465264158,9.395685890251658,54.779358261014856
0.04227974019225459,132074.70272484532,0.714577494979906,333.54190708774854,0.41603992399796175,100512.2604044341,0.3493623247420597,9.408801695592043,95.38779619637859
0.010595562864389167,450053.44744846085,0.9369231123220783,129.71908545018152,0.3638123714598548,33625.69669001986,0.4648805426252395,5.162832991976741,43.957698163836135
0.035251280928238767,292511.1804876948,0.8643537663196501,477.739769429484,0.02081241285432251,118426.91450304349,0.17751892515731232,8.143867792687614,83.54869106300319
0.017615063864813565,152871.8631015487,0.6979350378712257,339.78046075142606,0.19666640406150276,34910.886745442906,0.6395150256928449,9.024032761106747,68.4235005206727
0.024915980566976696,119345.08441951235,0.8692194130161237,421.85336492758404,0.29812022708051794,61779.26000445505,0.819805028001205,5.546870247883672,92.64939213499866
0.04216695388475073,352583.5170332083,0.8529824629457587,319.353346947992,0.21292912342567644,116215.12739335238,0.5870024423909603,6.050895185405384,94.7249799403314
0.03072234422673248,173935.35917880997,0.5268141938089147,321.961693871647,0.3842092119816571,77106.12338298073,0.3040953627876811,6.665219766930349,65.32751427038563
0.008604757697432101,276733.48192078184,0.5735150412792891,133.0065729769475,0.10912403508751978,64803.635133958014,0.14603518505835789,3.977934409290982,29.684574513266575
0.02222528451813683,435658.64322830096,0.5653970115892268,277.5635347016183,0.04040029430871161,36404.01109901188,0.6164792647093866,5.66018424887821,70.80148086928175
0.04451150807800056,323149.4702640293,0.9319059591821826,71.9126817799684,0.058023765542563124,33965.92754133433,0.266749165300186,5.412701109416781,47.93753750371865
0.04756869004305197,436866.15066015243,0.6334756169706919,84.73438860191058,0.09324466587733805,41424.99723794754,0.21095540136905216,5.185616886657339,45.832804184755794
0.016063134912203014,243255.88661165777,0.9452774000229451,357.94141201640514,0.4750005268530307,42830.0899529804,0.44392552734931234,5.547318032823543,64.60558466514905
0.023485496449982532,295857.63041281304,0.6869493502664403,60.80227018019998,0.1743320870465566,45937.40298575608,0.18858177019123187,9.567204338893498,48.935587797840896
0.031971187626897456,391462.51369464106,0.6419136844697528,226.91620827230685,0.1260927570093945,38726.91038688822,0.2611284736974254,7.975140452964858,59.18989379124311
0.026379044279004567,468973.7134624498,0.5327307265004008,176.27036595706218,0.1814695482496499,100418.3230991509,0.9932631581457741,2.4067051475715306,73.69543133430582
0.04434383003616863,432249.1041727165,0.601095828938795,229.69966108965016,0.21073970595333438,118039.86016739024,0.2628027112410085,7.99157971104782,74.13124015518977
0.02390049519330483,331343.905246616,0.8746752979967589,411.8745042427479,0.4345473599344531,35365.55928101931,0.7228454977357703,1.3998737672176287,64.56795770514186
0.0237118355608285,319435.3660218754,0.6812327681360738,283.8252541113534,0.4982978913113234,42169.558234156924,0.707910440802783,3.960009663856152,61.923005129763816
0.035114856346619004,293521.0159442589,0.68827529002025,211.01506220101686,0.3009525096522916,81803.40857760738,0.24531205065781608,4.71739837518439,55.70725751098562
0.029906229929443248,328114.77549255616,0.5945482368105584,384.02212651352903,0.02234755646232412,61934.86699888464,0.8021913836820702,5.638929210554023,88.09311702748809
0.030532592487023308,418497.4437825549,0.8307613337854205,324.54856491630557,0.24920706090229888,41986.3913100771,0.3351997160968454,4.1909947291708525,58.26141966490691
0.03196846791528749,305483.14208612195,0.6296830366817883,52.90896100536975,0.2531572187313988,55706.33897060188,0.7611474706394815,0.2394626527048349,44.54808738841639
0.012848417020017478,288659.7963002381,0.5411398963177122,331.5568605176087,0.2797605234921505,66662.89717915491,0.5692393193263671,8.965746584690102,65.06154851422093
0.013833243603998017,109025.8046821389,0.8877491981145954,309.7026870745579,0.44642264317630276,83725.07010718553,0.8291449809637322,4.296733633551479,84.70112160449484
0.030745533367499286,172314.06022495183,0.6209589267635891,139.39005960383258,0.13095994352190912,57577.39044159328,0.5996204080778696,5.879916294638328,67.61816567641816
0.024192488625883753,346168.3119283342,0.5367087165251146,89.50470667617199,0.09419643557525263,76626.97482363103,0.2925952108284822,2.832844034925773,47.06949160868881
0.005623796116078705,359751.52809464897,0.8009944389683084,409.39510116048643,0.46704894013955345,31812.406405436086,0.2384053349618946,8.861712940559931,41.776573293247345
0.025633335298415695,325836.2555733854,0.7983622416754164,355.5799720230368,0.466552797625089,119725.44756705027,0.7481417148378462,2.872212092051508,83.98241306900938
0.016528618149770975,188260.42384869937,0.5621563819131112,436.6002909411124,0.2550285470036325,90740.38827487393,0.3151597456675267,7.580404210112165,69.22782022836324
0.039200249523294435,225039.20996332006,0.6848071848546273,144.3606248435904,0.4885149014282231,88104.23193525705,0.941089492643964,3.033855436291332,77.51559097359359
0.036124504333994376,486255.59010672016,0.677099901247842,108.82279561539079,0.33913734102958976,95637.88204294855,0.6175545161129332,2.0681789313339625,59.36197467022501
0.027700517375120994,224875.89462765178,0.69235993767501,340.34835913009874,0.3751552239185089,50900.22218112088,0.464792824582258,2.6916157099162916,66.31374537092897
0.04591637124966466,248092.87427383068,0.8380755159681951,453.647880213985,0.4246008631598135,46453.204968530335,0.9606626933620251,3.7667644042946247,92.55028513042383
0.020265829752822637,124972.53091111213,0.7187781443471973,99.05612703841791,0.13178451225443874,58524.83595905533,0.8279436911425156,8.754886503958964,72.72116778343094
0.0435753921816406,405860.38015394943,0.5660128013068317,360.645281105328,0.4730617916444787,91428.64308904414,0.3984551641970506,5.005793174308312,72.87625131811728
0.034057626950797414,304228.1634914014,0.5539788237789364,190.42882009340929,0.40317405497127995,107527.62414859657,0.22357002944401322,9.523867523987246,65.7339811173346
0.038832131568050654,424778.4938551534,0.9255873660016685,190.81379661297018,0.4306681627302617,41851.82130925864,0.7345368157182335,7.419777295139859,69.89852312711105
0.035497545854059426,200925.8944540612,0.8928694161568415,125.98630851667775,0.03628104784520711,94571.8491550721,0.5279281437094603,8.49098019958676,78.05338318579145
0.04263989866114414,319563.8526560287,0.5851381065756597,374.1727993639006,0.26044568285985525,84388.16840162879,0.5148085043859237,8.287089838180064,85.4331566583416
0.04233032220573724,383755.5287297545,0.547430619828408,427.484237856831,0.3387963604611258,92732.17494038696,0.42668455636348446,8.792795561570067,82.51473898829319
0.023350011548277323,454552.1447840567,0.5212385157638205,482.6374788389223,0.34278965847658577,86823.83798790388,0.34350333083919227,2.4879178873917707,62.11013505073171
0.0473926198769868,219308.98169364908,0.8489773835235497,226.90480919318563,0.07823449468450494,30964.376792582305,0.5898316033137257,9.757788185489327,77.29660551162264
0.020484122803224897,308217.5349219434,0.6982991975409321,445.9615820271565,0.25770518794451025,75698.20543697118,0.22453443524850095,9.82739540910386,62.52959545867439
0.016248780089097338,129345.62698384107,0.7984158120388439,317.9148665705927,0.2134213704564454,67997.30104926103,0.8065575289417881,1.9571264009964906,77.49363272478011
0.0238536398200786,283211.4466335474,0.6154912432337432,388.4514497136387,0.2613086237295812,58876.90884748592,0.6364451041848552,9.95734452051323,83.12746388893882
0.024586802584544928,468276.5603114478,0.6552575779660548,74.62971811624365,0.11007863212053014,67682.56289949158,0.2976714357351121,0.002270382182555375,33.72350029595766
0.010416360929449373,127041.89978895326,0.8258131349478145,467.96358230954837,0.22096255224738814,40722.660479644335,0.561153538658896,3.4883190745863013,65.46152780632717
0.0218671215957499,348532.2496622829,0.823423150967991,99.77161949292238,0.02743921309517343,119489.72724171434,0.3094555140239966,0.5383052490845908,55.27060500320329
0.02035600023909743,277673.3627513466,0.8040140481053475,279.0023315314461,0.4321083861504489,107943.21075411809,0.10891962594203829,7.7804630648319915,55.887476234036406
0.025733012010875328,495536.2165214652,0.7174544341439458,494.1031754247339,0.37973898699081093,52374.43961519757,0.584555481358262,9.921356394785828,77.69557176136415
0.005314201784615665,261392.38761079984,0.605639489776237,418.4911717342122,0.1752919983344251,104477.13245584354,0.10053814495131579,3.0781915002611915,47.52915923058811
0.01585243464384929,193426.9444274444,0.5306839788944582,134.20592168472578,0.28221928924395373,56222.496555397,0.47565530409623313,3.7686688034718854,41.3139450336422
0.009806031680106363,481361.151752838,0.5271021252051339,183.9426249057262,0.15605243857330203,58836.11575261934,0.24785815894516836,7.831614309236972,43.636902572120874
0.010512403788469515,353962.66366126516,0.5557307120176178,81.74103691683045,0.4556204568060795,47111.588968683514,0.8391251391037339,5.446308711071358,42.946885038408055
0.012596450260305389,441577.15285674116,0.5059529658073822,280.3012054562663,0.3870268639165628,114131.5965743505,0.9182819225858383,8.196248695476449,68.7129076735646
0.044968610734758684,179687.87433483062,0.627882933070278,180.03583621447632,0.19475642619083242,65398.860334666984,0.5900997921892079,1.5987976336644139,67.19680842115362
0.01896388169470464,301338.0522424616,0.8583982526855647,382.76115495742727,0.32631183464115593,44019.59345221531,0.5923408110540199,0.8744650179988545,62.22342429087521
0.021981342955849286,265406.6121159837,0.5179151477505892,173.29464476148732,0.4782682389605798,115826.93470467205,0.41709434882728535,0.43100108948324056,49.32067722582791
0.047650086408615344,156479.62541487397,0.8435821296506955,98.90714271861142,0.49081621292172567,64345.48491982215,0.7977110850091504,3.425910828111318,68.1416817564725
0.03324509947214639,176806.4338960147,0.5657094586836331,472.1288628056591,0.4596471661731724,109872.20461915941,0.6628901051499341,8.082682112162782,97.61791586269972
0.019116640614072034,354258.1287810453,0.6601809980617882,116.82805173965636,0.30226886695263644,103294.55286021733,0.4439111450139759,1.322687150984817,46.0800831406626
0.013850968879077039,194993.3220677536,0.6349539168475413,339.25778172783913,0.30446328742348233,92647.18754103352,0.4262517860783619,8.239976518799782,69.56369712772909
0.041042242469364366,172063.4590930477,0.5494384011833523,447.6577854595954,0.178035534752006,91548.31124181289,0.12281374383754463,6.900468884094496,65.92771405311616
0.019224559019613674,122296.3414349767,0.7744157426966527,158.36171723292796,0.1995355486054212,37252.273105786226,0.2324469259854508,2.9797723549584374,45.30695236512963
0.010546135615964815,223071.63579117943,0.9167268019182194,122.76254897329409,0.48325783666198296,48521.49392904795,0.7674094976201467,5.466772648973118,50.88237085133326
0.04480154274185416,321597.3022012524,0.7405516486203388,137.95610016577996,0.09145238740531277,112484.02360039628,0.3950543789650307,3.7208225496289593,67.03385826946787
0.04784281009875513,395171.1075995201,0.7688431591580389,446.4028222451386,0.03430689509124655,53135.64229702878,0.518532700798819,2.2697853947152105,86.46126406143567
0.03847573342859684,467683.21242149005,0.6906965539689155,203.9596700503527,0.48115985874740747,70036.71895447868,0.540143560404355,3.516498723419054,64.4026078536347
0.03929785642317401,424722.68734035455,0.6538320688627661,245.16244909417102,0.42575116945906966,62692.98165082293,0.8145416201066662,9.409923225744372,84.56040856205381
0.03304446678806031,396650.91498075554,0.8622937904185106,430.26784200348914,0.20357613554983003,34613.71132583984,0.46168864411306554,6.737562297840897,81.08402789690442
0.021064209326089878,353897.6564416118,0.5838889121842885,387.2162464902306,0.2773910247183827,48365.79496919405,0.3627200561480266,7.4860870858183235,61.70086648622005
0.026717055604768433,186412.57615722888,0.935272035666634,371.80625891759956,0.4789960679445001,68439.4540824309,0.5275903066225485,8.979552161850192,90.43387449744256
0.01634777948729885,278690.5874810562,0.5555524396146598,142.69101614463275,0.010462273481139232,33533.85464837942,0.9795554408592364,2.4235369513676233,53.57723752819978
0.034848981927680094,435639.8795198446,0.7477972066564539,118.91502503778028,0.3667770542947215,84022.62690896247,0.7581255304126375,7.697466228570872,70.29028482684248
0.020373850071077084,359385.82276009483,0.5307983191591817,453.82879324471384,0.06849669555571643,59505.85540972364,0.8341708425635088,5.973123783307118,81.47491385539989
0.0227135984124849,289374.26375000854,0.8845463269409811,203.00197372695146,0.4361283455579639,37932.098787902236,0.7991185934877677,8.475476330547364,67.66571152025107
0.012447489859864505,382641.6515976871,0.7409064956277456,335.89550601874447,0.10627861380854346,49057.12758471776,0.13734759295891574,3.220675351957297,37.745619789763516
0.030188509760015376,443173.96559893154,0.8001173513564063,245.92834552988813,0.4770288560531275,94732.06805182487,0.937148682576295,5.2758797327216564,79.69888334938352
0.018624880772238523,312988.3631535589,0.7539874645008864,320.2624386442112,0.09146511187135331,64176.36643394839,0.6554748044052701,9.698188646337847,78.65814108175539
0.03774340119648599,469041.50283758313,0.8429954262413797,316.2726360015802,0.10409145087680882,90001.70867032617,0.6610416093639163,6.024691704572664,97.84685071405481
0.020049913720314685,307725.07705692126,0.5889001575553152,412.3284788121695,0.10103070780236682,37646.96609005198,0.4926214237214417,6.583074395060619,64.20325704529475
0.024697257122009365,210701.65278052344,0.7511770327506984,206.15105093548996,0.4671051681620502,113038.06256432149,0.5521346379748859,3.278839940182585,65.13248497918553
0.04642411482961496,104801.21090907302,0.7487666940732571,383.2986114799817,0.2476588138867802,37686.27271464495,0.975215251025112,5.180104313760979,97.99983429145475
0.032638380994355516,194643.91308300293,0.7175741382980617,243.11727138124485,0.04669896258097203,39554.43181927205,0.853725267656897,2.3981995220659025,74.58559068197475
0.039593620911313084,124778.60743159517,0.7595635638372151,103.644699278258,0.027865914904553042,34746.955694599565,0.8507476973875971,1.1797248362806156,59.47803714473005
0.007031811398553138,275159.9548571649,0.8797970623739111,168.0837694201859,0.21663918258769904,33593.02793073761,0.5041706627213883,5.776130806371337,39.175905457044344
0.0191989931298411,142649.44757463917,0.6650592442908208,94.7726009928341,0.3856320129089053,116964.68679733673,0.9730670110000362,8.650710993753938,81.28548219470669
0.03203564672028286,380346.278897552,0.6283426112061863,333.8466890776793,0.23326827922553997,73381.56057992393,0.7819989043376422,2.8191835559725167,79.18785043534277
0.007530093268293752,294253.7193653361,0.9107603601835377,324.66335351817065,0.2777394663639447,52476.97613064197,0.4089479401580035,8.52048415804693,55.515982538795676
0.03016481592958062,305896.87750271196,0.544810871093013,57.21267040480541,0.48220574245665404,63928.755055815745,0.6428917558895538,0.7971507318728499,40.986647589608566
0.03090493638488389,150446.12895016422,0.7617746873630644,394.8562458970936,0.20914410292126914,109185.39731473211,0.683814658021628,8.992489182892026,100.0
0.033057739006130175,152515.1888019297,0.6393612699973351,140.80772671360563,0.4553249838812625,98436.00605587344,0.7087585320190054,3.009663196316217,74.61417485475282
0.02633710756455859,190315.82086025167,0.7774798901743738,68.15023346230339,0.1698234245228442,72170.12951320212,0.23316250069846528,9.846544775908395,54.40222253134057
0.014409381406532643,152141.25201730622,0.5915906932491034,396.0775099218759,0.21849777304320298,80887.43457772842,0.11890824128772468,0.34431308573314556,49.260007800806946
0.044835749541840435,134682.6270382561,0.7422633959454602,460.9533588256717,0.20010664965496433,104660.92482855318,0.22032608895949257,9.353944896677987,91.76193323338464
0.03881404928890862,476533.7571147607,0.804477755098628,213.53176939974216,0.469708774537114,54801.00986782606,0.3989552698555593,7.008084180017403,66.56741617673246
0.038234572402863355,125517.82250143915,0.6742504135445931,177.24445567704436,0.1592003079334749,118465.21915992307,0.6784996721319351,7.176761577934996,92.97479280673893
0.048947793679175414,250880.71298305548,0.8608280758037626,245.53893348702292,0.4360714991893401,46259.17871801728,0.9529175593578516,2.1877170841087965,84.62557922707883
0.022718981370443304,343284.55070657865,0.7000580754812428,384.06647169040184,0.12188231366061932,35261.21885131893,0.36993645772575967,4.743086648684303,59.02801889398595
0.012560902348670536,241918.91586255547,0.6799923582321058,75.8263296597231,0.2958205516102602,109590.90851741588,0.2365686216577472,5.978080134015141,47.57880819785624
0.03654939143139215,264292.61739640485,0.7270867795898457,53.30887004949214,0.3489428559259975,89520.8411050252,0.13456078959371012,3.6825010739513306,48.72121810817176
0.04905643283562504,268294.6250274467,0.7258754323093287,459.46857117187335,0.36145831917422067,82386.31180118013,0.8180242132069653,8.643662664559733,100.0
0.022372292104332614,486682.45600738423,0.8137248144306577,87.45037979363254,0.43285021542337904,73250.39467526414,0.16187851578023874,5.497172551633111,33.99307967234235
0.023772392553906598,451099.76194505,0.5917975716242243,421.9090742714823,0.28326745868087183,34914.92728921222,0.9746607711929361,5.126152441032,76.24026515275622
0.04360360025828701,221961.2497540254,0.5867043784190151,108.08206111889666,0.1559511052112035,100204.32783360391,0.5244637286757355,2.2748160369354,59.29218893784799
0.012478324982438714,233091.79060415164,0.9229659677985689,204.36202066551095,0.4941807972177713,73670.74101888205,0.2612475264611358,8.911400917935094,61.8910309981499
0.04926702124441183,120070.1401279896,0.5435125519044052,374.20553365824026,0.1480942516147813,46587.125725508915,0.13542569183775655,0.21846711986201806,53.66584632481813
0.03985185214039059,153773.37094782,0.7104742771870178,322.6535668307674,0.21989238227873467,32439.59871026098,0.8051513523291179,0.10513224541653488,75.80042398603631
0.024477796447572756,314216.9892391193,0.7146425266779441,225.14387838054748,0.4448380223314765,110454.01596029915,0.40223472817738104,6.15069754014698,67.85205500913271
0.04671084029656389,484823.3995765406,0.7290315681899213,253.77116237794706,0.14656021480497763,116298.4685871369,0.22853287402558065,5.7982957604772505,67.2952184974143
0.023223586431928483,499517.1743262618,0.5247348380779199,310.34381819158915,0.050460357437285816,43906.874699146705,0.4956066475956088,5.104601313464413,59.92561481160016
0.016645658376403583,226582.85234976647,0.5391351591151698,186.44890272991273,0.4836136352964666,115023.66435052335,0.40139046112328647,5.708539362787616,59.15765186819209
0.005638848551227567,203052.79950541165,0.7024746534209868,361.8090099611455,0.3692485852870318,119587.93616329104,0.35876007944538313,5.382201018684753,61.44880253623911
0.028999559653682228,262258.103778895,0.5761228522290891,489.8554534327291,0.4281254214666272,74849.97254648135,0.6429208804156268,2.2726105355966233,83.24409924565654
0.0281825162773965,496114.0682339765,0.7751037453114767,216.93817066647608,0.38835449353176066,45341.62604234779,0.44606423233563985,3.4695895037758584,56.54084828503852
0.02443131927984998,412711.93037149054,0.7178778644735333,407.3065026196832,0.2924795625385343,60786.24911917998,0.8289808693151252,2.382896705530916,75.18473737569725
0.016738216068294003,103634.81398048654,0.7917338872844606,279.99221966257915,0.22830372910164898,117027.16631564838,0.6140792655666223,8.634315777893844,88.22326986997429
0.011275260629232208,327682.5852517711,0.8905908320289062,312.3975907759541,0.36182694728223075,63483.92110309866,0.18320456533335994,4.579002951270715,50.01624494116334
0.015979788605861252,486693.69101404323,0.9311621539120232,161.4342393821474,0.18054545818388704,110600.01667864966,0.9699599988064967,4.434391028360441,70.54163579647191
0.019444867053840402,310437.6053006168,0.8094961428645806,173.06353191874092,0.3708718555633457,34649.16214031769,0.1443650434879748,3.8628770514554525,33.1670071582314
0.027095889320100954,228293.4329246285,0.5865160633106413,189.26129708987042,0.48770309367701514,67000.20752953638,0.5002414991725022,5.7654498995114,58.53522154827558
0.0492503345786402,196640.5105743052,0.8065769497395952,372.1931120937758,0.3075889642286023,37972.05056729796,0.7091850482448189,0.6409471103617548,84.55058437333298
0.014493645077897771,436648.80301710963,0.5136592124898519,429.71578864623774,0.2355612348149549,49582.91459384801,0.2204003304945712,9.533071675823725,55.3330064173323
0.008269951441152053,179637.36797437025,0.6565200563448707,329.1056820325042,0.2769525317852882,41307.914317108254,0.3607551853643932,2.387517710860241,42.35620490967374
0.03668141536662456,186981.17288689438,0.6650054958663416,225.91284207852303,0.488463699423351,115919.9721191162,0.8201238244768683,2.4165892081918514,80.77573759862328
0.008061679134125137,226761.65508824989,0.6200575472452239,277.66661006587725,0.3910866759332186,107249.06449909722,0.8603776768694577,3.5967556122306776,60.22201904638755
0.007740749445583223,380626.1062411769,0.5044223986564045,234.13216435631986,0.1713958419580171,92403.97846669672,0.789620925484341,3.040946359712838,55.442716334603624
0.04152321565001841,217566.7042019735,0.7008468619939525,377.1583371563603,0.3495309123201464,118863.162508098,0.30264492179433866,6.623179135395824,86.83588226356588
0.012036296374019378,400719.2654347732,0.7557208773209457,173.59964140455742,0.24247310793211532,60039.893736281796,0.6213820625096148,8.89000610814666,58.3380032312552
0.030618724298549095,352688.9673306336,0.7334365312016192,73.02447790046415,0.12410069286928617,74280.15564888745,0.3792117553702343,1.8176359776119422,40.32420619550139
0.016614843942803666,285594.16697615234,0.5599779161369779,467.48557988393327,0.43517402798042715,93685.85271664818,0.19559244482961058,7.75877254469693,59.49689364403311
0.04135807976490585,407105.84708573506,0.5512846492036585,339.7585806804941,0.4188191499172053,81961.80610977008,0.6817666377052801,4.5836347942630615,78.86985608170625
0.03375333598879781,132578.8851564637,0.6957565674531005,181.69479395033352,0.2772596956037394,42007.47019708864,0.7224790617759864,7.9501153692847035,75.97254310856903
0.012350950238442043,141725.23494075285,0.5654819672543117,444.7074028543258,0.2688127382606145,72053.48964067522,0.19604063719211884,6.495560067569618,58.98006861315532
0.03317246190413606,130111.48666066946,0.5505786622292058,72.1890441994211,0.13616481608130995,42209.532044433996,0.3340432362271905,3.850580557189617,47.66040232392621
0.047434225283201105,344150.42391267687,0.875738203557333,369.6581753205495,0.06512653395804956,96232.8365736554,0.34758899340321203,6.391078469947064,85.15350338776891
0.046880251500307925,109857.76185452906,0.8135100445429386,376.39687583114517,0.41982550293109566,117699.53795746277,0.9780417272409871,0.6527675756646389,100.0
0.041982769523880616,358523.97346295253,0.791303960467891,107.75746697661266,0.32859171155837014,118423.43225411231,0.9206367125855023,4.391306608048505,77.56381758597834
0.04218756402202498,380599.6405860664,0.7067046450172804,74.795690821474,0.21917841663341828,72212.24457460952,0.9356999796047224,6.410861035821594,66.58420148928401
0.019024381249459203,310127.30578028853,0.529724888519972,487.65570604238155,0.18642935194605575,73008.06194218222,0.4197555768132304,6.825117301162002,74.39572982594908
0.01706644533253644,226267.3924656264,0.5563630539932936,344.97948733075066,0.029500592394469748,83791.41019711131,0.8827262963664705,8.908321482896335,88.01418536350175
0.025206699216648278,283721.4752852295,0.5346361323536079,351.84426144936606,0.4124171159826943,52018.954914424176,0.4791707934700282,8.388393367652704,67.81371276316852
0.029775678554361393,176997.26025433082,0.5458454438628004,460.0042256263809,0.4120486770737335,98403.14116228565,0.14388968693182638,8.437287927102574,69.87410957825486
0.02471198341574227,236958.04931834387,0.7459143624614194,91.10895922560013,0.3807568091826754,82419.15691994663,0.2679310871858508,1.882321997690456,48.253521891628395
0.005787419629432487,119601.85798850942,0.7577466245091256,418.77305842372357,0.17010205637863046,61465.295892694994,0.6367118477470983,2.74212889124147,62.51525595452997
0.006197376473495786,394091.40724063845,0.7815424608236539,311.3401995750466,0.3734252232059933,90770.77538058338,0.28529378936048905,3.524810469433511,48.176239306259745
0.04832296627375126,351338.84701977775,0.5828455955124306,97.54265545201882,0.4082969760530113,82088.08287239994,0.6564565189123479,7.814620887547092,68.74363909497227
0.036647475247960325,433783.30114243866,0.5252962574569453,386.3842865359272,0.42691785108782676,55752.15382124829,0.6764025465939275,3.141620638369721,70.27457603384899
0.03704990923297214,170356.11336746483,0.6059224678542608,272.46686497059113,0.45826912549847026,49054.293493317375,0.22981601900629317,7.589768318540306,62.29617140640168
0.027527878955026897,464714.0449527086,0.565976550721929,340.6675518603677,0.12411078161438936,44108.43857864754,0.7150864736415434,5.9368461990873325,71.9359812382516
0.02515872453719855,262188.6705321674,0.9428402587849314,181.51203053272454,0.15446044678991577,61909.338794574665,0.6081346731612893,2.5232274426374524,68.27427698269364
0.04618804731706733,206274.22594650538,0.9031170792020875,96.5637786409631,0.3317157241758296,111628.69665944194,0.2518744945584066,9.68326960099255,73.64934830913339
0.03545690196335212,220634.74794942062,0.5847361362126979,186.68077080129473,0.055578530538710744,42948.116970899675,0.19419439631183305,4.229435437415577,50.51991948830888
0.04080102693159139,156553.42168653608,0.5586441949275511,339.54302728279885,0.10661966116435247,38784.903429809245,0.2501637203850199,9.23731395876776,69.26267416378218
0.03451193452973268,314910.2694672152,0.8047059185671537,357.2020186082417,0.3180796673793965,53949.12316835777,0.13510577868653634,4.555667819901088,57.49075970031962
0.04509382481108167,327798.9034074304,0.8745759687658585,496.23095433255264,0.09017194002775536,92259.9875227784,0.7068642163300222,9.799554473582784,100.0
0.009816311039496716,412279.7216686515,0.9095882558651134,222.27502764579586,0.31901129454170946,68712.84588871436,0.4939885494893156,3.1037088910812005,48.26870580277503
0.03929583292026461,474470.62566660205,0.9233378866555075,128.65157819372024,0.43862438833171735,96368.829728441,0.32755366062126035,0.6728461292151455,53.948975254587275
0.03349304037030976,388421.8643591487,0.6157185579990931,373.72467000866914,0.02377953807618264,63778.92111957124,0.664078013688098,1.4609656554132022,75.1940443366571
0.042035160850112066,194012.51952476747,0.7935265007683008,232.33871415889837,0.30206136178404713,39670.54973660173,0.1152215199294466,9.095644273803012,57.312898060669
0.04997076352124901,184572.50319956447,0.61932683353251,348.2869044355996,0.4830698309543044,112423.29133716696,0.5525879680590264,7.951102825267247,95.45350293862677
0.011108563389495549,490975.27368160494,0.9339589553161939,123.67803104562694,0.15671733115352224,39013.94977560903,0.3445458390083618,8.159557894152066,44.67258699663872
0.020400148615050708,492553.33369651204,0.7833576178666413,237.272425882771,0.09160387161366229,118755.91175553254,0.8387641083368159,2.814773024509194,73.98827006064903
0.008153091307453526,122650.22295102321,0.5541701672774902,311.34586262648975,0.4650940763906913,74706.90852053859,0.8586509342105775,4.458866198598078,68.90985647547693
0.012828366765650242,244486.4235903247,0.7867859704421107,81.81347368296478,0.18715469200384874,78131.95196530732,0.9966020437401748,4.745335626224407,61.20021491897832
0.041722554070144566,272826.9140266471,0.8583758251788689,317.93666072904875,0.4444317663361752,66984.8297115099,0.643873977839331,6.3001868061882735,82.78916859560576
0.0092101733110551,106668.62023985325,0.8930904189103466,156.41371050741253,0.11363830714806633,96243.1860383459,0.3880145017786526,5.060446924118366,67.26265548597657
0.012312997938385535,483898.2885847877,0.8832116300077568,438.70533033425147,0.20931913680028255,98612.50923364556,0.22948853985080214,0.08619002591780278,50.079020129444665
0.025492770736157338,307206.13956340787,0.5033584131877488,240.20897884584156,0.3618533989884218,69842.43317706924,0.758997285681,2.330189643968348,62.84184518960862
0.041591390201677646,335372.49618138094,0.5948433947434578,156.52421413422482,0.31773492763907313,104694.56338911991,0.47406500382623973,2.5830042912759223,64.80788500948246
0.025163846927738445,295160.07811172074,0.5919154105713784,332.06118352917974,0.18578383016601543,119608.06590069144,0.5321651637356991,4.858856061896132,80.52958349697234
0.030463330433480238,466702.4012474987,0.8603681449368876,253.00853140902865,0.36216264032667006,82761.19489026855,0.543130343831124,1.9231577278435052,61.80952568494095
0.046167896743324464,234162.72539853878,0.9285188065400175,289.8748805426201,0.31945674555131853,78864.64000403951,0.2164425552700308,3.7582121900794094,68.41607386154959
0.009461575052493077,349181.6176733527,0.7010933878401975,400.0932372069216,0.11803053568969121,44810.945258640146,0.46569900786739105,9.265853832183812,58.48672622568975
0.02827724763894398,133685.20447083935,0.9430591533692508,349.8832871127135,0.149847993547077,82722.75547937199,0.1985341294620946,9.658366688075835,85.02580365647202
0.012865324454751467,359212.12722208566,0.6104545081425187,372.9026221918411,0.3906424699477377,90607.77560202894,0.6530495142296733,8.924690939520117,69.8571722048077
0.01617293658338807,495205.5848261686,0.6752254008500931,379.67571465817946,0.34551533030169224,49087.311372963995,0.3150979121903962,2.812845635530341,47.2210209051931
0.02350072752167207,193730.02626021073,0.5088431672360815,445.72687556323797,0.4831488173766332,60741.334832841116,0.40465619148292564,0.07091812774370987,60.826873221039406
0.011597373516200143,163866.5397468603,0.855537462487147,327.33083675936507,0.03198167323758134,86029.22914160535,0.3780259505593895,3.6872515547084594,69.04928166670857
0.03963791382335961,424374.07706904423,0.6801604820779238,476.21882120285966,0.2091667317965154,99465.24317070989,0.5354895381078332,8.97532326522084,91.77679971507496
0.041230364393959926,440053.09387401474,0.630117650504368,478.51703526304567,0.03443147173559048,43491.83279224257,0.5838230242463629,5.757924711223097,87.61819564802259
0.03403175374854066,106787.65172618658,0.9321650485799586,70.0646417303648,0.08010035683446716,31261.306577345127,0.6101725899646853,9.322668839209722,67.71270436016391
0.0055976541556361035,316806.1193918904,0.7068033398774849,274.5355748993569,0.04538446081424209,91599.18249623767,0.552898373372771,7.65148849861264,61.55390503834847
0.026838078532777195,159752.65449057284,0.7917156293350198,127.5738629473248,0.4374733360438593,85180.46151623174,0.24148349520125884,9.623380574812067,60.73899743663786
0.03320748069867803,201279.5628051241,0.8616620533447861,418.01993310478576,0.4896842043687843,75168.25779220533,0.5094611917549634,7.534756054464806,87.93851429977002
0.010961179535386696,318766.20551724965,0.7458114200588829,90.26290526467425,0.21481220189838765,106795.63187104817,0.8705382597951943,0.99237664919681,50.04115790400228
0.04436447281492971,151561.03402939957,0.8239985611823508,95.52452882589645,0.31533754833643446,62046.05692072303,0.8100225666692803,2.3369044882536363,68.23177001604186
0.0337640823225482,194273.01383035397,0.8211471274004691,443.15511555233695,0.07213288157211242,107993.61197359531,0.6342177289728681,1.2711049086702397,90.77549992259303
0.03651565499899563,403547.25376717985,0.5476084341227595,277.76293371259,0.4091662774526994,114254.67373958968,0.562166080067593,9.50279223611407,80.48140655436104
0.029106003670521345,257676.1978399632,0.881691407848803,271.8422197061401,0.2412322301766163,74128.12404688455,0.8621065016827708,8.31941541688052,84.46768951538533
0.027136761081760823,329109.0038948436,0.6072517447825986,407.27978812201576,0.2483765552088872,60064.09935779637,0.19613889366759157,2.388451604036069,49.834240874601996
0.04771765272901927,222039.87472781062,0.5759866802151659,257.30275624474694,0.16047299424652187,33164.33252440747,0.39083069555147554,5.441086239394686,61.79542139845669
0.025128624031367033,486207.16729390656,0.6698068147536402,166.20206596699234,0.12929885159271245,71198.81514337208,0.7835681338452497,2.059881841884732,63.2215453642458
0.03691832572133456,108459.92933976652,0.6885198400927757,399.1392793412541,0.1759791483294714,80736.33913008595,0.28448130954331974,7.419953911261723,87.37822645752094
0.02086381585852328,389073.42978979467,0.6436513840037847,457.6602520555914,0.07205219150400344,46066.78103453388,0.5437271126429221,0.8193843903814613,62.64830414183918
0.013819108311579287,477506.5528848058,0.9394203475165492,219.31669819868986,0.46241015029682847,79034.22081060885,0.34276821928639034,7.023987210805986,58.294668193602135
0.00734106897632511,145458.41547868776,0.5017632687279919,499.7573064768529,0.4031141116022641,100805.07132601867,0.5587534677593617,3.0006708290543993,60.47191948995014
0.011806892800820416,213869.89553858546,0.6691870498681126,390.3395436411323,0.2744342765625447,36973.52638999344,0.11622610806302103,1.0233217953406315,35.9170013354124
0.033683111654414975,420730.35995020607,0.7098685675270469,212.74973743776926,0.06311618263114513,108833.97199675844,0.8048440261251125,1.6811809759772511,76.52445872111196
0.028051725374431728,294949.923168498,0.7812911987089378,475.78410229606754,0.29408800646361505,78619.55401007566,0.14529063964119757,0.6290747601802393,56.06300146300598
0.011122530549423932,434431.5603181124,0.5696537156807504,185.52901414881146,0.13199868058906886,63507.6388715743,0.3291973893009657,4.889509264384521,47.61625972573176
0.023333354660960846,494627.79631173064,0.5251668575577015,113.98161937430822,0.035884688015215216,86325.70754841382,0.14905834967234763,8.364397373761234,57.42182397376567
0.030271752847048743,168325.4825224843,0.5889606364015194,193.46779529285212,0.3008132437527072,48910.59983461931,0.20469855441993512,9.701168864184321,60.84474978795507
0.005989181666433032,421078.96213440865,0.8546158173087599,183.7463512302932,0.07645704184358357,43106.578203488105,0.7276884555134733,6.428065910861736,47.8687706093537
0.015954917754443482,436877.4923492458,0.5941877341253938,82.63504262951663,0.35460722648070275,66227.3719941128,0.9280360472913133,6.502550710936616,52.785835355644494
0.009068854000624734,479142.6269014643,0.6163507686381107,201.7456206828286,0.2071076027049356,34610.18667638819,0.5468638800075444,1.2331849107529225,32.11670841787714
0.03977780375419265,421268.2046530924,0.5690357970750896,214.9480343206518,0.19294304890559755,43626.93995424765,0.8186081545460715,7.072283283354233,72.69600207254886
0.013567180383366562,246688.7634375196,0.5476122611854314,332.6929686918698,0.06947224302882364,118734.0751762426,0.8026138672190761,3.9023854958399506,78.56840255865865
0.02993446761781218,169799.39455918205,0.6704165100115217,429.4151892633854,0.32566437783491275,88565.19459004203,0.8801393371196402,8.939730574625047,100.0
0.04639066573007464,137939.67730126245,0.7448567008833954,383.22928454824336,0.38089415411223676,84604.45817730034,0.2501086016653068,7.974205539416643,83.24299570161611
0.025871442110346934,169590.95980872144,0.6518646705708373,58.13649149255845,0.20616163552127154,79488.92290405894,0.6576243335443781,6.634903451287101,61.70239033238703
0.0426331090896107,186185.162910292,0.5542168200973105,433.19172735406653,0.08674027929739844,117728.40732025758,0.8582844064587732,5.008766058895992,100.0
0.020750309081293047,471349.0207923167,0.5295317396800179,297.2353244274341,0.29952447102360613,88745.53113995018,0.330099600998633,3.6456642751986443,50.197565197133564
0.04296562383492399,177977.10758806393,0.8720905312280129,303.1949403062341,0.3834718804851002,94224.66296371244,0.2867603458463911,5.688127364338729,79.81892947610747
0.048496584660049254,280886.0400406872,0.5642535365005481,225.24560603495294,0.4763341791313632,58774.876440586886,0.8812883438803566,8.812506816818898,87.98437778017318
0.02075839359493825,133303.06322025286,0.8260510591214683,190.1805345562937,0.39363257098621046,69838.93634343898,0.5367400681083594,7.779094067485368,69.62660411100117
0.021928571094633,246936.20611091197,0.7366759596056567,413.9597500255178,0.18726647284205727,77182.9248483963,0.7036545928983408,2.6943944630365504,72.39313605551304
0.01748852622060767,473365.25080938195,0.8255905579989898,309.734004300489,0.32738282666609986,32636.949879307653,0.6562926690055272,5.095088732242019,54.934835894805715
0.008666325397082385,177335.69344482088,0.9278351209457023,233.91480302192028,0.23867474635712344,34743.88108680951,0.13380960658958255,7.171814470467577,46.02957850530522
0.02921425988545001,303482.39368650666,0.6094060386902009,385.137829233465,0.09243592376316101,47094.1269294918,0.5146409542134479,2.862798621119409,71.72551790377744
0.034293728534834506,429806.82791997166,0.6879688551378391,82.88829096176761,0.14409652861151426,118200.49168771353,0.6366327177094319,7.097370848010202,63.57368287802312
0.005331102333143654,307282.29287300835,0.5168878958893114,306.1535954411516,0.4611777163216769,117157.7217450367,0.5864974078500318,4.582048052522159,52.33998756113574
0.007920467579228426,286290.231066999,0.6081102583089367,261.4119446519067,0.23317813028311726,82393.03225332679,0.42109344131432613,1.6427044945592806,46.66733210062587
0.027667374556548035,432081.1537383048,0.798805502630421,202.26553966634714,0.46840628115184,112098.68141242639,0.2884135594456889,0.39417585120362975,53.95872846028209
0.04855390546781099,455934.5576353243,0.7702406456928866,288.5235526455714,0.023642115118667283,52199.08021603001,0.5136532765596338,6.2850390008356785,82.93838039043885
0.030076332499328482,397054.3958726762,0.6258951188991684,304.22867344361293,0.053189699261488144,67229.89712248862,0.7751447496591409,6.93400853429044,76.19827382869505
0.024827140132662868,442780.0519477553,0.807894083834819,447.09853610641176,0.10972044308262435,108602.50060572942,0.153786046760546,8.885992804371524,69.18835445976427
0.019808320075732758,225835.0533656266,0.7304398595143987,473.3105844754543,0.03341286869388863,61700.78775636708,0.8709147898150021,3.960544774354667,84.17778306250892
0.022349862567125123,466166.4805866814,0.8428704690843937,277.3020000848029,0.49430157769356986,71874.9778148331,0.1524140477382477,2.622743218149849,40.623613252986075
0.02462317160986907,162761.04965844803,0.9264043068458193,395.0820040179979,0.14146072820960862,83172.40801661243,0.7493042413986148,9.41278928906798,100.0
0.039859367890685796,324857.90153103403,0.748716750520493,101.63388125218636,0.0718074524279145,77658.02535202117,0.3419753904811059,0.21036902460468632,53.39172310244455
0.037527764175509556,112994.63867606598,0.7678745784968245,292.63720735729146,0.48471919838312416,73579.18254128775,0.15724129274001764,5.516879678064617,60.902532836597295
0.04579939836283995,176496.85163044854,0.776943011764817,232.57149088142648,0.03013035882822209,61255.9626875128,0.33870567025240716,6.860911539434868,75.2262753589377
0.04769557239613632,207218.8749514551,0.8651596726182568,74.91191762228428,0.27367929491950843,36349.50573389051,0.9406296920175754,7.663512805573902,72.12156168314927
0.034138390800657344,487577.75886971643,0.8212810765391472,466.09637431201105,0.26339462708521266,40535.79716836764,0.5753599492807154,1.268728280630933,73.92712766775102
0.03166220656293823,292997.2242110652,0.7801589290247517,54.52114147467422,0.1054718409111284,74219.73887209178,0.9554532054302214,3.836090403551584,65.64233190127953
0.032170674077875314,219570.4600393333,0.6848673780053425,147.96490948575462,0.48335051497380216,41757.09434016237,0.4346531061097775,0.2583897222001119,43.76337251377632
0.014980077137009589,412188.45535206195,0.5905288545299957,86.02853113803451,0.2424820581238164,30897.231126106664,0.17628953898369987,8.07625869562975,37.62032614172959
0.04345319461598373,373270.22529592726,0.5235497857852983,402.2818780939959,0.42430029731187463,101917.3931194759,0.5576311317772235,2.3290183864948166,79.26523680723211
0.0430398489059927,390865.1238960554,0.9413425284749832,120.0616689901698,0.12057564569550697,49061.833489335244,0.813285790859203,1.8690729645011817,69.19191722162563
0.029957922104501527,460652.49179454404,0.9167868438865819,54.0941815763492,0.046951966236466254,52532.285661377,0.7023838747271515,8.88272196511506,58.20166285501582
0.025697387808228327,342789.24650970614,0.5848249337580025,412.2350752467584,0.48399077456320017,54173.90396231377,0.5453433564404917,0.861161105063738,61.92281740866807
0.011499641786978492,276826.48524723004,0.6503470934389535,284.8238938873352,0.2969706243601116,30764.602074648858,0.7849053846545998,7.130142918617408,67.52563569873367
0.021482887379293502,121174.3742275273,0.8397196429032726,479.8288222151596,0.12767428205078696,59117.21523633341,0.26543160053363346,5.769361233448397,72.83720220092542
0.036365585627041834,324046.39320373937,0.6739081539475709,239.11232081339386,0.28543433248538247,30527.82550984452,0.17065888160824888,8.812580677630116,49.88223149265273
0.008504554509108085,382721.4384842021,0.9140171738490737,171.807621935779,0.191540804159162,81202.92652602447,0.8935380726747262,9.419055872604202,64.67818771603403
0.03511193699906829,264121.48874906485,0.7118154497709777,72.11677565532966,0.1036204482797155,101146.2246780283,0.5085629497430738,3.0166224163114883,60.09729289766038
0.02228085832842312,441759.80533027207,0.8370495578322306,172.54192873148725,0.06757590170406291,52679.83994796645,0.9286808059492603,5.8158883784975535,77.0144286854472
0.02147127195859319,422842.8081278051,0.7354788121851124,102.536556245958,0.07324191116624085,78317.32318523564,0.9429131962637552,3.083521216761987,62.60458035287546
0.04412935259866482,405638.2346315517,0.6115155993081081,66.3533367423091,0.05990515991976754,95564.45404626962,0.279702764236582,3.7127092050539376,55.64310000245757
0.010095405046660642,262546.5621109846,0.7182828091142129,293.37217878719287,0.4109967142836562,45451.037553889524,0.8270483066439601,6.928784276966522,60.89074714556871
0.030014186638953173,379811.14816102874,0.6854079825282453,112.27891368565605,0.33622496773002997,77220.507601706,0.6754373204884979,3.3799878102849004,58.44305202956163
0.008843111793089322,279921.59628177143,0.8403602246346353,407.36055277952255,0.25235255585424177,110527.2813748171,0.3409015934748678,4.105986972382666,64.56452246109332
0.045436860975603656,458502.68658863154,0.8085707459711065,436.5412462049991,0.05349890080855401,107849.54785869987,0.38855791589520405,1.7833151242821632,81.46129361367493
0.016303640207201025,228227.03440659962,0.560740318732239,183.27954450154934,0.2904190691255806,69766.83372819575,0.41204688511232,7.46452128857114,52.13111621848232
0.04520794871269931,402715.6891609588,0.6494003159529556,384.99897552689913,0.08447028941228509,41728.61892821618,0.4110643333325431,8.07702369044057,75.63119109557486
0.029988312139768165,311031.84897014016,0.7949461902982975,154.93439948972735,0.4335574637252549,57843.17058720115,0.7247184885786132,0.1612464637221489,58.394288449780234
0.02176957084523663,240683.9271835233,0.7445679928623565,82.73131779973843,0.39716437312579306,49600.27215908117,0.7093340333938092,8.032121232440932,60.44549420782373
0.03478371404967525,242211.91886080304,0.8639863425651044,182.6156164484876,0.2898943296982434,97085.79652273856,0.44106031883125685,3.0276760761742505,71.56778539137267
0.025670570457777025,427185.39773966145,0.9184647934155491,295.28753578695057,0.3341184406085894,111294.62600150227,0.18869216627164814,2.3207857786616506,60.135527226340926
0.04356630627487601,266042.87074197305,0.54020295603134,247.00166478482896,0.12305994920145634,56207.68094969618,0.7950408011537552,0.7552708602588687,75.06664746807091
0.042241154786631596,271067.63432966766,0.7682287689952678,90.34350405605555,0.17530594839506702,38073.08271133612,0.9653893505929986,8.072616493262505,65.48084304737904
0.047005479736243354,237838.63829078872,0.5724429942593187,303.42397480427974,0.4724493189689599,30344.72614502903,0.3143123589285989,9.384476404104076,66.57134773265803
0.012698868508572294,145297.38065592793,0.756584247109912,437.82972048267345,0.2437838106700238,119510.78310160723,0.7112545295841936,0.7407490721044774,82.31843436863566
0.018693841631938896,134583.00284806092,0.5006427543856296,252.31250881411805,0.42006307689103023,81508.36670670689,0.9992865690490967,2.8684664564719995,69.54017945573571
0.01762047791420249,163899.78409357768,0.5738286147194008,178.3339682045215,0.3984916221840283,111518.1111572803,0.9775784527369131,2.3228965409645266,70.85225679299981
0.0100778245032598,448009.9702080663,0.7862475355896283,124.12890323647778,0.22061731618137126,55853.192538936084,0.7631151118391772,4.53416230624268,50.81367031049491
0.04951759752978733,121897.99290383805,0.659756869761311,266.8550751994899,0.2565354418266767,58434.22401470731,0.7563162241878112,8.747470734889747,96.70660101764531
0.04216497018920666,221401.5636591809,0.6793154429491465,192.61085621834494,0.23901979436948348,55702.16546147727,0.9654502980290022,3.1284462800566812,81.97872819479528
0.009412004214992293,310726.8664201654,0.5256945853003293,99.74442483886124,0.11750080070616067,71791.52248939275,0.48992583907812515,7.996918620027912,47.10801462210634
0.020016689340903348,226587.51362459944,0.848297789282304,73.43258279957138,0.016282608260196854,101598.99527339832,0.5294317383901443,1.3088113855357597,61.65359879604827
0.015600467056752557,473001.581238953,0.886776339031204,369.40327260078766,0.24629036286529002,76829.12635722471,0.9777200817555627,9.65770443884287,85.94652728368749
0.013875919977515756,185414.99115358054,0.8042418653740595,232.2504943643968,0.4664567594821949,38010.876140640794,0.5603730767285438,9.185215304431212,57.893821957669076
0.045685114721577734,162611.6853662965,0.6649869650434054,328.6046300210133,0.08810349353798706,117121.99548411649,0.9232743958548943,1.6695017903446918,99.37990528958069
0.03195549698961054,128694.13749896998,0.6020413778302321,469.1706741135167,0.45512095256159907,100316.1582665123,0.11746112105639389,3.2700676849610213,57.39126311499425
0.033258143090430854,210076.08470939027,0.9093140127741998,335.25025782459886,0.045234291485058344,111810.50299521328,0.9619899923586003,0.7771241839172549,93.43843357757486
0.022677758441663108,171860.48718213674,0.7601324459055856,481.09070896200075,0.25650557413308844,37462.312325503306,0.6580012001296676,3.4022299445125705,76.05766160691348
0.0435166335316084,273871.25932658813,0.5867778240240105,135.99753021101523,0.3866944485533686,53902.88384766239,0.7905100547433007,2.0588731076659936,61.46050818894872
0.047443813236205286,472692.5699015299,0.5930923439400295,211.19856855938275,0.08320570034234843,75898.65713821474,0.5145242956252,9.007601624507323,72.45449833139318
0.04685024200059827,253426.95640291684,0.7212820743585452,453.3063121157599,0.40528682579508013,30329.068021018436,0.38805360776522424,4.217742419361259,70.9490918903375
0.006700302796805585,357347.8900279042,0.6181296307174245,73.5562302940909,0.12317986215875118,102172.25575525139,0.866340263481892,4.830662451933026,47.35241343173924
0.02372318016839088,491141.4774007127,0.5902540968146315,146.9116772845738,0.15301491674783588,45548.15864529786,0.4414290383837679,9.108342269897538,51.7101552519177
0.047048485755704667,119385.69299032893,0.5946242800558376,304.6498722957915,0.3116207853646578,33560.17559063518,0.462734882116419,6.491539648308727,82.24991737670784
0.036413174588153074,355255.96100650774,0.644253450962416,92.08405561905928,0.21928509874547372,41587.89936312499,0.9528612926686004,4.751708660226282,64.0563424137789
0.02740768666620188,224013.60960498004,0.8653854840758608,440.2184679505049,0.3397740014814517,34226.79801669005,0.6096905921498789,7.632949119972816,77.58849906002375
0.011142635543761199,191468.30055384134,0.8971227972806614,59.054774833883314,0.37883629753472825,72639.59632629805,0.5020949429556462,0.07096532494887176,39.319704541610726
0.029334453408524433,370920.27453426376,0.8161833093970621,480.1910264717325,0.27035657708593847,65974.75958769849,0.9583332638425371,6.421102350255211,97.43292426429834
0.018416766032445006,150585.69816142845,0.8791495256593316,212.9817212573682,0.3336301634685713,72373.47774293083,0.27903680181553453,6.016866086204651,61.829721234455484
0.0295976722848652,274418.78964743164,0.8369024788629458,422.5662295453906,0.38790910627625724,33493.16530306219,0.27471589340137503,5.366075092637743,59.98314802701681
0.04706699181997106,433982.71002084675,0.8791405287583107,186.4436871918537,0.22042946956856427,72363.53525843436,0.24163442501491939,0.31068130244456316,52.86709969247984
0.04678284883747004,331894.8459759088,0.8001665857064092,460.2095992683736,0.17935388276138686,85935.65800242758,0.13491950925599872,1.8677252823112933,63.19706504961428
0.042406061229047415,406707.3425353343,0.6577892111557161,219.56478249839563,0.27144167244125395,30021.690421662108,0.31711990243422505,2.0823180860821444,53.86375871633313
0.017585323544589943,176608.52882005926,0.7269185573568642,439.5402663677294,0.12826135488037493,37068.26185135188,0.4207642622646982,7.476518245649778,66.8592593017965
0.02978107451126576,426717.347829739,0.9318164664241553,406.6981145382277,0.30586350863343914,74400.74292471424,0.13606217771344,9.843219788140413,61.663327384634904
0.03500189849284056,213715.31563818373,0.7636002219189715,314.04555853006605,0.22840761224240588,105250.67539905384,0.3384703553998987,4.486325916177342,77.21615745107567
0.02919614578659372,365449.88830691983,0.8527873327275153,227.66327729521524,0.32656300260733206,43554.98577616672,0.9393832904882308,3.830588064210035,71.73207958458919
0.0445213610479556,310902.05998027086,0.9184417170322455,267.70860346225834,0.25032005740061547,40777.21096504787,0.8223906197369978,2.469654124670625,74.71422713901049
0.04548256202175418,464329.6881321584,0.9244895503433673,284.1037200963905,0.34177595454398574,100066.42920554972,0.21791315678541906,6.009571949974973,70.8047367975526
0.011967920672910234,173169.17038483388,0.6642714050116707,244.59672502242634,0.31535448802077176,36698.55765946641,0.5533225851137001,1.8262513025310112,45.55231892092344
0.03082888287642839,354961.8449044734,0.7505191654487842,382.23297971523846,0.17444852967804167,98859.59324698178,0.48949037353737435,4.841844983225968,84.80308148156047
0.018943120253897598,134317.7139597958,0.5409209524608685,465.45068614335287,0.3477468674006602,41439.23523936664,0.42105085237801576,5.924829939015964,71.36859688647294
0.04260072672907919,117464.37148520342,0.606484909161504,450.387045632921,0.014491119590070076,48125.919251449865,0.9631217583756694,6.134018465221711,100.0
0.006268610320124997,197898.0318547709,0.8966686188150097,237.16114443387926,0.3629633508913366,112645.6531841962,0.4672364154425349,1.9127737103739706,56.853565528286246
0.02827030688856138,463233.47482394177,0.8619684863619652,79.62342951341921,0.3493606720380151,81470.77702130584,0.9167168587117829,1.2248141685029723,58.4539098025383
0.02345107040337844,292797.9670931468,0.5317073049501312,175.16463820200988,0.1690082580927842,115061.02038703983,0.3544006244870431,4.60868735269652,59.99751443120535
0.03520869906039259,164873.34896315096,0.7188990742138435,382.34256776415845,0.43475905438326234,86363.3347196184,0.7021481637852531,1.2628347258456896,83.57803200253964
0.04701169146655632,387983.81574779184,0.839216170840266,148.5766278769475,0.2270895885512288,85603.18751303578,0.7929762563859408,1.0395937591238957,75.22321514107497
0.04830643924045378,456088.2682218224,0.6216568657230129,420.2421093645494,0.26397872228951347,71562.58334058168,0.38299069523026485,5.809685866315925,77.46500588886283
0.03331486368537315,379725.1684621215,0.8200048176568786,73.38474415903111,0.4312764247856828,71242.79832885432,0.336174473526593,2.417645074796816,48.9741940514066
0.026735635077977774,454732.6157875837,0.6702564117571911,387.3765860525945,0.05744117818373712,72845.10319359557,0.992517526353462,7.70437802792337,91.05964973774387
0.015513114364185496,263824.37090500374,0.8510378106807341,397.05116688068165,0.12176918517216871,113000.0986339374,0.6333113644883441,3.799242909620145,76.67744440835102
0.027587101135138733,342028.5013750975,0.7519507393306034,268.8822659912802,0.25741707400380603,45877.071938509755,0.8314596138742114,5.417603199410154,75.4181952082785
0.04695997902698079,478922.7596947848,0.6660579795850277,110.98259310233931,0.26401581705020194,40134.830641429864,0.9405886766613555,1.83579627355146,59.478469688990735
0.016374463697802384,262654.61075398815,0.6724240108516066,407.59830157905003,0.23359524206997156,45369.14340030032,0.3404889059374667,5.09113385187522,58.90295944419841
0.03045862879480157,385880.9265529031,0.9219670769207153,460.51455249552004,0.47357705285372736,52024.40373213308,0.21840877597541916,3.022767004964485,55.870257790141466
0.04527883277448416,488821.3898493953,0.8866962279817141,99.50797450739462,0.4742397190492986,68102.22246157074,0.10837926168611832,4.423937407481936,42.729183937717345
0.02023493123466731,289373.9734376195,0.7759266623344027,440.96049311801914,0.334331772471245,69064.39816303627,0.8374850683033286,9.055821375731322,85.1938681716216
0.010389198489448876,312773.19102111657,0.6280303818840999,71.17753904462633,0.3375878806058528,107649.3699713303,0.24661238902965466,8.124136576239005,49.512220673427166
0.019429823963139452,320935.2053822011,0.522728361874527,69.74648976593463,0.3629828742387794,70003.19801800119,0.33066313783229584,1.904134960249102,34.54101632142085
0.03514790708866482,100160.61761013595,0.8626510261385844,85.66232275846797,0.10382991130497853,64761.275576918066,0.5363728657444933,3.549951158139418,69.51199411350399
0.033871085655952746,109373.18214695528,0.6935791587999409,443.7539148847866,0.15771353134122731,38510.07102969494,0.782546294430926,6.060138319360813,92.55950570240508
0.03066406285219268,121430.62384296316,0.5632245544079828,330.1472282959012,0.11183368231482954,75366.30717735819,0.5903935174264542,2.835071902709394,81.18723434644232
0.009775850868905875,297112.5383459823,0.5723210071359436,490.2194585882633,0.08767491467343062,73872.10519175767,0.42770895115735486,6.393864214540979,63.60642718721633
0.010806638400024122,272126.57121695636,0.6236172647632147,449.48818610225965,0.02988699894600059,112235.47446058133,0.8496947246977004,2.9757071644081545,77.01521407691293
0.018647646172945037,245033.28503787084,0.5298824090572238,495.20728131891764,0.0292530531238393,88941.64108330732,0.4984623349358125,9.489162181887151,84.10775626026098
0.016069988313805784,312834.72957520455,0.7170602938622388,366.2898998225456,0.04332501365668605,47441.021702101934,0.29310833808356485,7.381507548416897,60.99619107840422
0.014685971922542916,444649.9800335914,0.9239834545203374,283.3218387240082,0.18263135326249735,51065.199751574924,0.1448029013707394,2.685000761974954,38.33000115883039
0.034440610097539306,313446.7725236843,0.9248185752264173,228.32476812126527,0.34999303774091334,74039.04727276092,0.5613185943317905,2.677743146041175,66.23500063892432
0.036798913478702025,476255.99967444554,0.648194574867127,68.9902108615843,0.25318461149531346,79001.51989342517,0.25159649601872375,7.604646062760667,41.72693608354284
0.049321809879867125,478309.8868033844,0.5886977174706435,443.9134579553423,0.3552018818417255,70846.19074262204,0.5865498948922562,8.49600174982458,83.20515262848656
0.027196137186169363,331651.92161401967,0.585084944200257,455.4084786201458,0.3403516049265108,86994.202560374,0.18954660356257433,6.041739381725918,61.21389926626021
0.010443229800732156,131479.07007815962,0.7372899030390769,231.25349032092274,0.29851703237654936,38029.99512515147,0.4878847565625326,1.7478671504515797,46.610629120813684
0.03593465874233903,230167.31227304312,0.5426325116507049,489.14188825259146,0.1502669273377598,68142.73666562168,0.6848775295323175,0.24697297686111286,82.00432006994936
0.04146166087327791,314631.2760114481,0.62519773418097,77.72359338161115,0.08962422358247629,110553.04729680932,0.717421801542302,2.499017216368898,65.0698907009548
0.030758347668549433,261807.809783294,0.6636251521355288,147.56642416809873,0.33810951570338366,117360.12250144835,0.2581437212531433,5.971166200155034,60.004544942929705
0.024088327508568933,278675.488697866,0.6143662760575165,421.3106940476386,0.24777524603214815,78906.52669784377,0.37428482151759324,1.8180846566694975,64.89350737745816
0.013830542675953503,376030.1416755191,0.6756694007211292,237.09866044534317,0.23989697308545815,63093.76573147889,0.1905579795003311,3.0963181000284576,40.26922002786055
0.03486804623122723,366313.7605875484,0.6288009382579974,257.0461819509596,0.10478914172584936,48933.48733768522,0.12074237956594668,8.967465499077447,51.95022312538482
0.017582064469030934,150963.2286781716,0.7876682974316133,83.81432892991396,0.07575918889991162,88028.10539310836,0.4056945584332985,7.079478267011891,61.666276197426626
0.030084113510156395,202408.46922460524,0.7928725777201976,102.3231561317963,0.2728410877092149,69343.32945405312,0.3410862245356967,6.040049977395001,53.327182342733565
0.015134319509729075,202838.4357580447,0.7157547401673945,215.27496557631915,0.45776911608622267,63146.59208901386,0.43610013203089193,3.83534512433977,58.37155257555928
0.04264790946654461,360315.32833876077,0.7763759826435017,200.36436007273798,0.4107730466478953,33452.7475220131,0.8837174551043019,5.127498997939296,73.24813493725235
0.0350336988740224,105106.17060715894,0.8921983354062115,251.03278639012677,0.17805359465303833,42442.10090706514,0.4955188369225979,4.963227712843788,69.6285609602791
0.023164101252206505,371464.0375307588,0.6894034379416517,482.637910030958,0.30364598373356,102673.01420867181,0.19842031279853095,3.9729129294590573,64.25697554137697
0.04375010840276415,131335.28710480267,0.5326586591201199,432.6429686709195,0.11429654215879513,90187.79290048324,0.5885903191247247,8.328935948872294,97.33186178434687
0.01062900094263816,151913.1862890445,0.7505682621252383,475.8703940112669,0.21334890160166958,59424.789022922545,0.6460203908780973,9.304486005450311,80.97666959080175
0.017835995403804497,195684.43521368748,0.8541391097215403,75.37183423395422,0.1909974973154667,75522.83003330967,0.6043138069152911,7.286151567927769,62.5864976216148
0.020968057554379624,345073.7378698429,0.7634189402559304,296.4272452941862,0.323836813639684,53350.42539612687,0.1761838782261661,1.1927167203974343,42.24129303496755
0.04281992377457091,380517.33683535364,0.8550682718909212,207.93903076674113,0.2082803334077896,65431.369739155154,0.27268586596405137,0.6121665814357202,50.69055814108045
0.03159122417722521,495686.6733682344,0.5750733672276183,71.00816895467318,0.3919705240937271,52732.74060162518,0.8466794248176355,7.039366670345154,53.98303528369972
0.03478864277527854,285941.9123253083,0.7837649137888445,252.3195077034818,0.10242980074779666,75710.76744030428,0.5757257812936981,8.10603848260161,84.8465559549006
0.038098431760711156,365516.64957657765,0.5510241929986577,374.27733079867176,0.2551495266137122,110468.95824955433,0.9278838407174885,0.5515659060178546,87.29748017645181
0.011664535938220736,398525.52502763073,0.5037596168774624,125.86957179531657,0.2945904466282031,94294.88058335631,0.9249787924245245,7.054966519346238,49.84587291237575
0.03523006716146897,257736.4585402657,0.5005779914870606,104.07166643102988,0.2719317269304592,90761.68972599777,0.47570345550681625,7.306790115283902,59.66566460781418
0.013640731293557699,435999.28929757717,0.8262107359809978,452.64289415562274,0.06760305206925891,119120.02811535665,0.28846604255494024,0.1177987628664201,58.59896027691845
0.04988403225740994,212429.55417804525,0.8006087536306519,129.50704137933735,0.2943119807775795,111363.14878091033,0.38816305068559476,6.702539760443592,78.32536990995109
0.02014026583178796,184483.3034351807,0.6409319228166358,130.4784808285097,0.45193889284056254,65746.8197685416,0.3207513744769306,4.484078410159329,45.41563149142568
0.019424127506292303,397767.70152533037,0.9370489603484724,247.11514551394106,0.4319063659863978,80927.67662036576,0.24151209858481015,6.906227420813416,64.49958509495349
0.045035933565724925,276173.8282624184,0.9055299304478099,387.8010564267447,0.24941641368021253,84289.99220921673,0.39302301926711036,9.835972997387742,92.24446195140615
0.035030802337267825,117538.74099865196,0.6469798575866039,330.4914951915759,0.0376033061216275,32149.57721872285,0.5050218155750223,3.3269017969267,68.6812396113242
0.012412298612434142,375657.3427921351,0.7315570023205102,140.06939506221508,0.1665988188673992,83262.71168969932,0.16500641344523007,1.4745300926617955,37.298684896503985
0.008296052184832555,424926.9330856475,0.8385841549454041,388.99081934566567,0.36099941830325377,90244.68813028822,0.5292927238403575,6.42278163507115,62.74131131631924
0.04000449674915948,300143.34415375604,0.6608809977922566,174.8420306604406,0.3249730045794204,92352.10787669179,0.8838708398762883,3.423340824609907,76.40873536028154
0.039639753832351354,324542.3296757352,0.8972764208051356,287.5154487330293,0.2636386159150039,82008.93732968182,0.7743838196281909,9.646904788284608,95.0397936412505
0.03267063565551213,292969.44063789153,0.5421458536733635,395.6402202883999,0.37614007609340755,58053.29893435308,0.37561532070556036,8.378413809055186,74.33464328437412
0.008256076598359698,452442.0593426263,0.6154977604531615,316.84313648997227,0.46863714771087106,91031.02513829818,0.4729868312203329,6.895342089054152,49.87438131237155
0.04985074750706059,400316.09247191506,0.790123989821818,209.88033944869346,0.0340888062859736,32795.118843164004,0.598763129903919,7.620327210390511,75.00826763619445
0.029182063569973483,436314.0287756458,0.5150419398919497,215.03843439167304,0.12616449167534724,70254.56713414099,0.16513875387471022,9.541316415710725,55.07884876552362
0.029932627255709488,472333.145670323,0.5024070449124003,386.70746278140507,0.45249482002023256,42574.85102810587,0.18651326655893635,4.245726071859556,48.75641212721024
0.04701555077598208,316954.6240761755,0.7373554086747794,113.50675323469484,0.010386860435677206,102912.60816709152,0.1788171066876144,6.33849818735324,59.60984630048955
0.032168981472692586,165572.6883812811,0.83117910223183,185.5540826572587,0.23706159431427665,83948.74878248596,0.2541460695996156,7.416378186176209,70.17251791135982
0.018618815328656658,364948.74396510137,0.5712273728147181,359.6529466428576,0.07281215567712625,68282.08466429853,0.32248546636498915,7.483752494281825,64.87642762401367
0.04513190951329758,178576.52608911434,0.7762306752534759,89.47293877398394,0.2018531788047983,94198.9556551145,0.6934809221649246,6.24700669406608,77.45951221686418
0.017714338864809963,251209.9797737608,0.5463257651151288,373.56026919512044,0.256905510427724,93788.9069111089,0.3240491723171855,3.244382286350662,63.26836996412323
0.04537843230873823,307287.326254371,0.704975762848649,63.871078414716614,0.4408101254168375,31170.919208328545,0.9502750721891906,4.892162486880906,53.85938666360728
0.020387052210862698,469687.373937064,0.5109759468995435,311.6412026910892,0.2789769370046754,49738.836109024385,0.48599868821518954,6.522640059437702,58.132099319379485
0.006701906144841589,149220.84943612997,0.9438574653248728,191.84753181977874,0.06649753426613417,39629.2135057161,0.7475139709029747,8.545686640326409,57.92854908573008
0.016562853477881147,108363.80493409399,0.6003905083004101,75.43206085854081,0.060663518948720345,68835.73078628781,0.3069265337754693,5.159458785254234,54.7010378979069
0.02094907963943238,252458.7528138942,0.6853335274150236,377.4106949607248,0.23130310780423058,107105.69518553077,0.9496853073373281,3.3594615337893385,89.3843278657366
0.03023125166190561,138022.61473302578,0.5902110714948615,236.05959501957204,0.11103933079187163,108890.44417098459,0.24245763045318827,4.55660821553092,75.4475298722011
0.022238121637692808,447639.6274898914,0.7557436179850665,247.7785012013983,0.04294791068549794,71822.05216006485,0.8386622567341572,6.145410182213155,79.15538462504314
0.04244731041781033,297604.66823972226,0.5533077672925168,56.137930626146485,0.1585775778921097,92819.14243480132,0.8112339135475244,2.9575283462032944,50.57467383353741
0.023473525295814257,192539.4852800602,0.5613669972632562,138.5098512040459,0.03711286971003959,47831.76676412193,0.10828080786284151,6.272584006359782,44.483156785870875
0.019236893332445732,489257.88457076345,0.587172672849334,205.62285663931726,0.18534216773435128,30760.63464562145,0.855287157735513,0.3199446014432472,57.36371083154636
0.034420006533027035,254820.0047739548,0.791250027529035,70.1457749098191,0.03648333740136602,71150.737765759,0.5946600709954315,8.87817640335819,72.3471791143594
0.009709728525855332,429059.17087755573,0.5945213017814313,227.33764182951433,0.16513519306543234,66013.9745578859,0.235445948265327,5.03570074403555,42.43809775456056
0.02707761091541896,439507.0341125257,0.8177261515871138,270.7044838339031,0.13627086761269805,109643.407216047,0.6193183615215025,2.2114761011069337,78.77132989714083
0.01711038886871047,421253.23557449837,0.519865502939355,496.441484162969,0.07387232306024796,101646.16728572437,0.4552977850945146,4.922161832874669,70.08480003757323
0.029187218915295556,119719.86496366798,0.501056363240354,160.15994285077664,0.34348571553019597,40913.840402322305,0.2023857629240945,4.109606080359033,49.06055890443276
0.0341526667373702,384828.7968991722,0.5803028033442686,85.8146663174191,0.47079454663331666,53459.97443058915,0.8680118478478515,8.634914504628183,58.71149028710076
0.04198106566643902,407700.2236966347,0.7685253455477976,201.74091582602873,0.1386292160906066,40970.02908723231,0.5587813602107843,5.852608755098466,71.91924887855694
0.021170254573210427,290143.62707234744,0.66358150581617,338.45272579431554,0.45161701182031605,44752.82358422504,0.4432679289128111,1.4086860395086132,57.56527598599817
0.04693607296688552,211548.77050438596,0.9275950426394435,78.46820231930366,0.3054767930486482,35141.9447408997,0.9043967689857504,5.298090570700541,67.92695908330998
0.035120675784325824,432629.570364181,0.5676397801177859,67.36620287216023,0.44065176149729757,58343.99047130393,0.21608101713444874,4.684612370870865,36.87373390665325
0.01737030462156895,113119.9497107584,0.6891509251379745,452.79501307980996,0.49149968163184893,87334.27981532647,0.24547392440613264,9.058493899993058,74.37446166574031
0.028231152044002724,161499.72484116722,0.9147770012532476,390.8610728253964,0.36853558363434424,93826.26334149642,0.2803058389867981,2.110066917075261,70.20381375088832
0.0247402263561372,412800.7302375765,0.8527786331440284,253.96779763663685,0.3981730697548701,105475.96165782512,0.6892981761558342,2.2842585230842016,73.84373371873953
0.01733053011734964,225936.46216349414,0.5525618484802783,172.9218291664753,0.11266441991314073,70979.5874827742,0.9175937930850384,1.0448031675395808,62.441849351263514
0.009308938939851095,469028.96196232,0.7558124909705688,213.6764845110579,0.38070390591270026,53162.891256147064,0.7241588533416884,0.3971120757224722,45.77173022209867
0.04277336169241724,279268.3388085274,0.7865118114610737,149.55701891300765,0.3417661192026395,99501.6248303949,0.5258918681959589,6.177269240617943,78.27585337966198
0.027404113123144367,436723.48361152754,0.8606084262216118,234.72716960676044,0.12274140101016276,66547.39193037938,0.8435956381976981,2.2763253581939233,72.3288425709656
0.028599635563598725,422438.699184299,0.6590648638077704,338.9943366512138,0.13035947128391911,39835.150083134395,0.8149458025835707,0.9896862340870682,71.38561939193896
0.020591117918540024,489218.1398056644,0.9408804506482369,170.72420920410053,0.03007932890244632,93455.69557848413,0.5058878523835094,1.0075284395957629,57.890196468417024
0.03683852685401193,112469.96364476849,0.8915885107215089,112.39363810098668,0.07238282058589525,45810.50681717261,0.9642397226428598,6.93169360253846,80.80656501552646
0.020134072737723004,193793.60271326796,0.7162916127405841,298.32293009037585,0.31956967338985015,53140.66535988251,0.9537886728126915,1.6975849820713584,74.25580674317622
0.048454392864488556,105942.44900300151,0.7165065613175805,200.01552715245325,0.23007047282582288,81359.81210827101,0.4920302422114381,4.14846850301595,87.7319743754073
0.04249720769161316,199983.59249579822,0.7742878293893286,313.33765342678424,0.1911715273276175,73745.17877124128,0.38240392897515585,1.418443976169852,76.72921664726648
0.014621054479822978,142205.45856048045,0.8073813088355558,347.3273268991182,0.47579712207413766,95671.05722825171,0.1468412548805183,8.842451739289542,63.90347458849481
0.031363837273756474,490431.3329890075,0.7395369637316748,457.3948227692404,0.05068899132699135,47194.668183781454,0.4966794490971861,5.847568083373047,82.0021771323019
0.04173025333382601,495304.8460572747,0.6749831734133523,71.33703626303821,0.40257403661470914,84394.26471745272,0.2786885729813815,4.948284566214202,49.65711152999199
0.027482828539944295,222085.81205154365,0.938184161917322,348.51317493042177,0.21003638447968637,55241.69017841872,0.7579926847032059,2.421834455937677,81.9607863699114
0.01272694950381597,311933.55558482814,0.6304943266898638,333.00731521562676,0.0677899506883744,88944.69941105894,0.354966875197932,0.0024293443451273156,49.704795103151675
0.04002673570454711,343428.6372695897,0.9369071201524413,218.1225467903266,0.34391570013341394,35718.215018152674,0.4566226121347654,9.638176611881805,72.45961900424588
0.029254139350255427,215151.80133393785,0.5541219334078731,366.5877530816887,0.32597946128056615,63654.484224339714,0.9558472166792509,0.22202812987850318,77.93663501541837
0.01944209472437482,200901.13354206816,0.7403991844690613,420.71078746424206,0.06054191283039692,114871.86386811626,0.8155655930630477,1.8125025555155194,88.29080049962897
0.03704035825391732,253983.48905502286,0.6810326051343434,402.4805415974899,0.4817645559105588,41399.02855624745,0.4785672131909374,4.809416080843035,68.2489380051803
0.007352090040271844,374215.4482250493,0.6962964877040204,137.65721118976705,0.4098564161280135,102230.46733364652,0.5377524652800044,2.984506611477605,40.942762795481556
0.03371417266084036,215260.8543109612,0.6062035686456704,378.731594311847,0.029759367463265844,38529.16239311345,0.1061093566212308,1.5294318647542615,43.83837695270691
0.01584483160981631,474450.2286160539,0.734072100360978,214.1681433385356,0.43796181437551746,65549.12434941292,0.4015077129619262,2.072825225497356,44.26570547246452
0.02200085707592352,226673.7424067704,0.8047867816841634,180.3122171018272,0.2928278757470551,35930.294852877545,0.2721602410268629,4.074052716113488,46.1385347668874
0.03488333545399254,202034.88896855927,0.5571651091879543,76.34147003602256,0.15965261428594818,44189.492411721716,0.25660940321451176,7.6075930838695,50.28268632313661
0.00571271319251934,323124.05029417376,0.6707576212670592,277.94749995884627,0.28578681623515545,58203.092501155035,0.3655979741658568,7.334018493349057,46.43193842383082
0.009392844224081704,459118.3225568104,0.6574529586413294,298.0928257982664,0.18617614081480172,41322.21027114462,0.6303984804529552,5.251408517696296,53.64271653468511
0.014134710163603875,280747.6178609111,0.8586263768070406,315.6917463985511,0.05748949026282748,79321.93475062215,0.7324644693606281,7.927034057807514,75.88150308410815
0.036957796996557234,370936.73843260657,0.510992097323285,235.28645041560944,0.17314562101156292,90247.0857828279,0.29452223107982867,5.9087192297425855,64.95818454743524
0.046094268281637756,419120.9488834431,0.9146559812974386,490.3276851197105,0.015228362233019755,86046.71487397299,0.4715554579830158,8.598544903351218,100.0
0.008851979877024576,173383.15390354602,0.8412816528653915,59.893934917695624,0.4102702130879536,31255.41168227203,0.6914069551551459,3.6509392023180585,38.749134368576115
0.03251726837236396,378412.5627956455,0.6541138486338369,98.583101649876,0.04412647519665017,83004.2420306293,0.5685898183607004,7.422010091211325,56.68654795738586
0.022913923020630392,110578.76103906699,0.6510007407634957,489.2090708860224,0.4380422323512735,59644.026033079586,0.6290158645597349,8.47296745535494,89.71573411289519
0.024857345153753093,107183.14550006039,0.533529707818388,279.676724606918,0.4850252940811804,92388.8587996981,0.1638245722947126,1.8936087579186278,57.32464812476412
0.03279625637848659,357769.2678519266,0.5127518526725231,422.83861681167883,0.3962548520037065,53313.162969301244,0.7378090479689563,2.148546064249981,75.17248361957448
0.006814857247318085,180454.6170361509,0.5803829945394348,201.98659853068125,0.21504025361597448,75768.50023479371,0.5290784879574953,2.7067460596528936,48.93528612042126
0.02280851734313095,219468.86295501987,0.8901234692737305,386.0344885091719,0.4303051187024967,74548.45152412148,0.21783812691409973,6.962214361212724,64.95000815214361
0.014273320097172887,276491.8676366867,0.5292503550269998,421.3887810903421,0.07171091411327528,111278.77563443787,0.8778075420354015,4.645827644392461,82.95998871942315
0.04113840390519852,272722.0403143648,0.8536138179099575,258.10556767931655,0.47107323604296897,73773.48907426329,0.5163573447403565,7.850718615635127,85.21844080770674
0.04197099612923771,321795.6457284683,0.5809090160727839,260.4912039309108,0.4843555264257424,97768.75737352666,0.830046343491219,0.3282549881924013,81.8063523882756
0.042351470763263364,119709.46143310859,0.8835974985388428,296.78042153386025,0.10668384558226936,58552.969480472995,0.35373659657640466,5.308590342884758,80.79170760862124
0.007325855596000932,163414.46339996942,0.8657118695191021,109.67179583606497,0.1243641720344822,70803.35450437416,0.5654087993019974,7.636104796141586,63.391752507043186
0.03282558381704559,145239.895769529,0.5703491472767773,246.66517645239688,0.2044758026136294,96918.98426735651,0.6226634258176167,3.881330810022493,81.7172467697487
0.012684212755267354,190734.84093019806,0.7589754583110766,240.54746220490662,0.2623144793417293,45360.96917720103,0.6966156271101092,8.52538740855967,64.40259360891088
0.04889872980594058,233296.69622029105,0.7677708552156925,90.58806509010996,0.30694735121492717,38066.85959741561,0.9633118917914398,7.156626520723114,65.33254314473335
0.04046719046610679,381641.74430865474,0.7653780662344096,252.46075148847743,0.4306029560829206,116115.21007887568,0.5491325556136732,9.31535049155262,89.09707139192165
0.025451722982991053,183715.10461204796,0.5016738473681266,158.67780208522757,0.25976435408574694,64196.395703377726,0.5036367052023705,9.806482195640495,72.51340321298736
0.020762256680119745,280873.1757440432,0.5600819981087688,71.58097959664444,0.38995066215032237,81361.48575647807,0.7846343254395055,1.4986279888655163,41.39359755364744
0.015262781760500898,104610.4056211941,0.5586533256060824,189.1706501748629,0.06727059268956014,118727.25963698438,0.37776938367155566,1.3032394670232816,65.88423336006352
0.013958704077258098,335081.2913365906,0.5288195857391548,438.0953585635206,0.48113484282620217,52207.26786006428,0.5050857417317735,0.2213445102949707,45.834190852272584
0.017152630974570007,182734.8442466434,0.7943103849464421,237.2976639645415,0.09803305162465688,92019.81733381416,0.6085650547330242,8.586720549294961,85.60607022568341
0.010286415449442182,414266.6407777825,0.8030825540677665,101.75492157264402,0.35046215763714317,69739.25599918474,0.9504863070002588,1.4161135061789931,41.06926846679208
0.0480566601765895,231989.9581161106,0.9329836592713101,455.6686329953371,0.14248778530222161,102318.75991437849,0.9960437816231553,2.5266300217128235,100.0
0.024654972619549388,308072.29462670384,0.6327190111117389,56.86917784071339,0.11786332965678806,55374.319590758256,0.49923973118636844,1.7110247841340187,42.09471340196368
0.00883402149018479,360036.9804559726,0.7941454143825292,480.29952813963246,0.011480226964519011,52313.92048252265,0.935012331437784,9.32133915398283,78.79127052191915
0.037426388871678685,406305.328419016,0.5411673310683411,281.2441256502051,0.1234756657316097,46309.623925225555,0.8292729692109992,1.3503813668054743,73.65975833840264
0.013362442500440417,491197.3694952938,0.9474295935924766,300.0277196070813,0.09336994268680737,58449.43991468061,0.4820435494088816,3.093242243582229,57.74966179195276
0.01762860109444321,488891.88368654303,0.5690141723370855,379.99755892258804,0.010201041825195687,83656.44024621393,0.9243487035586472,2.87934094093219,76.10385396756352
0.03706706332842769,375212.20758079254,0.6436925960096183,163.4910809716989,0.47840021198140165,113096.95574429365,0.5115849489035383,8.461938661543734,68.83758733139474
0.025354556493543325,269755.60722900415,0.5705433264196826,241.88272542138776,0.27333429991390545,32025.389468581783,0.4997017046578658,7.813562183952003,64.93203333836773
0.04592999427967411,107212.803930092,0.7506714137865054,404.3069817843682,0.27525433752362094,59150.59973223413,0.22262550858278007,8.875630718161913,86.52322153684361
0.026184307657442136,451246.07879428053,0.7636334550949258,353.3864524767504,0.40408796564544053,89323.9990140121,0.45824935661104393,5.13633383928651,69.84486650568346
0.02246546555458237,138276.04642320046,0.9115629958497864,90.96634172544879,0.3276224969497924,67187.50309225179,0.46505745122989817,6.795518365726839,66.41345503627791
0.008019217968344542,337482.31318057387,0.8474143036875597,422.6957410489674,0.0935598908029499,110767.71450703563,0.690531482662698,8.818548008206829,86.79768553722904
0.046356722466290204,459963.8173418687,0.7016723930160509,173.48568423605678,0.20265351293648945,64898.78956767748,0.3581801874845145,2.685796043329666,55.707052709543454
0.043747832141587374,127944.76827386467,0.8049250319448173,127.76902315540353,0.17880788776309098,35538.87307213532,0.34297627316991586,7.684210711172421,62.361905188001096
0.025859652766651486,288129.61917488254,0.8931088875918803,393.25957379411244,0.2614078370003444,90367.2480424596,0.8626195485184301,0.09538954025544943,83.86308027273098
0.02313005139725219,462897.26691083144,0.8331408638797781,294.2786184503336,0.2695258182472154,61299.3087843994,0.5684684802773631,6.553831994634533,75.39708311736574
0.04375545022671736,161873.93927394447,0.7031961602678409,233.60904107828648,0.34685775398436675,52488.071873213645,0.6762258234570486,8.77489241731488,82.81220538369621
0.023815921990713026,464406.27999168803,0.9469236825200653,97.74142247657844,0.12419606211258072,115534.17763338839,0.9624949178332481,0.977072753867585,69.21510422895966
0.005918072480969285,341795.5929033838,0.6246614519913309,438.05071239787924,0.1488959631393988,91808.01482537179,0.7067976692026572,2.2149354885964003,56.77588964629261
0.006565963994075755,263699.8295141589,0.6301369183846414,414.0399873261689,0.4021784523431192,71132.1556973363,0.645861002790897,6.0425951598692516,57.62201101262531
0.01739510059057291,206013.967256219,0.7412865256769918,252.11669122949564,0.22565917778261874,38202.36051807365,0.746743366621176,2.137366879819107,62.8914887902714
0.013862913359392461,265103.3281109574,0.6025002537280106,312.73622028860694,0.19201703627389105,70402.05503335112,0.583452389443626,2.0353552248180486,52.35368956312639
0.006602546762277867,299190.52103495726,0.74937637472495,301.4783919295999,0.3564452729682133,45973.36514919106,0.32700082080755694,8.107304652304126,42.94709547937476
0.04762267775795273,154373.09894692825,0.7239422995273481,146.37931373281407,0.039435852493941395,59295.30043135219,0.2293188626657915,7.0993307343424625,62.21844492656554
0.005415871478248147,423262.8196096851,0.5792874827739114,322.7974889993447,0.17509173740760534,82693.7344483532,0.3840882642840916,0.8693956069225417,39.79650669976897
0.015032750385098912,175223.42659163024,0.6926087085978397,346.2277025417708,0.1392649767237152,31086.294177055617,0.5670436278382812,6.05759489358972,63.75902976808948
0.026202765172016387,329360.65035908157,0.9175552834379122,422.7701655207408,0.16825957934826594,51352.89272914235,0.3363702511294663,5.04421039715213,70.82878505974949
0.038482225305286,301287.68287318485,0.5305083781226506,375.6113151979914,0.4049253630487674,56054.80786077477,0.6977131653550154,4.265919010543934,84.49753362507363
0.04475073654599468,298286.8040313102,0.6409628332199698,389.14976205931157,0.11783246484449895,64967.80332054378,0.8791545133961143,7.244223402693151,98.33286594215114
0.023171495236137468,185897.80096334295,0.6601857758745064,177.84686715234483,0.09628375109248842,96899.9622209091,0.32686289816515435,4.541674701677638,64.61773810000533
0.022599150986669928,131992.9931187019,0.5404215886574378,315.83917460887915,0.3036881403517502,67688.30914343895,0.4886593230808267,0.5393258284087121,63.211751472557644
0.028244592967516805,301895.79015214066,0.567297193350625,96.7277237499174,0.07055052039375034,39092.542184213264,0.6487373759830838,1.9648265240291862,46.298528400464676
0.04810258870018264,441846.98526073416,0.6037226768081844,197.4048322649567,0.1128474927294486,74268.83635147414,0.11764947922682824,6.713680088967957,52.282419685791425
0.02854211674179388,459455.5713204413,0.5739767079477863,411.84916072750923,0.3980608970886907,41446.30702951983,0.45870330172971485,1.701526411445169,57.19967272374568
0.030030637731159777,264564.37270418624,0.9264797618028373,106.86656387615231,0.4871091460765974,50757.47761928376,0.7955865427436678,3.389699261728214,56.619147148175124
0.011438662793779126,443155.674098496,0.6389874046564085,346.484931902079,0.28755740569244703,72458.06784517868,0.5462375253836852,7.322379140922876,62.102538640521566
0.04531154456293604,123115.27880794567,0.5632940026551501,372.4843715159141,0.22426800763986263,66319.37587323195,0.22326997108981228,5.067700407177881,71.97592362826096
0.010694539003836977,290648.1825242161,0.8436268845327455,166.2189610492236,0.24558522240806638,119281.4372457152,0.7179853810186335,8.413567713051986,75.15237831590603
0.006822912782359483,149164.473016898,0.591381766814028,230.8783660768488,0.42441499037962394,61163.94457091374,0.6891590741639166,7.093142948034834,55.07910870762993
0.03137820593397537,242896.78726805447,0.759674003771095,204.0195167553858,0.05109813189048592,119352.3580367413,0.21446420826925983,0.7234838383605735,59.15336199166455
0.034263363833307844,231602.29186489314,0.676154421857512,167.95083740755842,0.178091562838575,66963.03605278887,0.7483744621831087,5.115361942347918,76.02113299742125
0.047460434772063964,116752.1575355102,0.7263807451844126,312.90115497427314,0.46089652317639423,34424.26712592848,0.6161496264416945,8.53629928527957,87.3947530263175
0.005856953417343132,392981.8516534919,0.9199009495258939,345.738947738028,0.2251243295504195,34039.29148254462,0.9281024319903659,4.702962226915748,53.566590363576836
0.00630485349511766,375928.42853150476,0.7168267641093161,105.95539284908483,0.11499318656202719,35804.161241026166,0.6168641857377162,6.220294792520092,45.99507618378542
0.043745396958860615,346249.7586732507,0.5057404158683437,362.85334508648106,0.2148196162909723,80900.17349037483,0.6841725418169959,3.5023661432707676,83.20495063186132
0.04626943273273074,153589.94669991249,0.8021803132764669,51.961810980461195,0.4630790416485386,40125.371991428234,0.18539580713281717,3.3300763305224423,35.51827565002662
0.03133047474172061,277165.63921678544,0.5153790150684894,193.8434280148853,0.40711212765085353,92073.13813756817,0.7523837682218925,6.981169240835236,73.01150080312362
0.0189937859622365,139865.56883071034,0.6226102328148932,424.3033850833217,0.49043069091370484,74446.23132674053,0.108730319430738,1.4004481213422904,49.22499248148702
0.00837921406123913,477342.91948395263,0.6642876529779803,460.6628980661704,0.39245568335094067,97989.3545264023,0.6460476218040088,6.267838170518446,58.869601438440306
0.03371014558473117,351488.55481023283,0.7491777041292625,493.8863083173,0.3688223780385911,99925.1749553269,0.8852165335753067,2.1563976272584915,92.06751414000027
0.028133631302867296,431672.7119799671,0.699702610677051,306.88386149494073,0.2682647598715946,33438.25053816519,0.6536934069372226,8.280432857742522,70.04442825606355
0.012087524663411172,337732.6935706383,0.7671247450008865,123.88323382536143,0.07049715112806065,118204.67486788363,0.4543472526877338,2.2742172872352926,55.14241440723101
0.03242503837972755,357420.84919496696,0.5396027123801536,452.09056257429665,0.20074053443643367,58203.246578732214,0.5161253025229653,3.9006606574762825,71.71005551139213
0.04386096514126157,471704.39007915684,0.6365539474023227,438.77111335697964,0.3929463334712029,113772.69051102856,0.3211752809672991,5.769591501209791,81.15340404389445
0.005239588575697892,325927.66515455843,0.6526415440723631,195.20766818501912,0.3260040986938093,106633.60043825945,0.6482758522539936,8.531729786467224,54.730044479358455
0.01690687003464635,307800.74190599244,0.7027414425801842,55.2402047763933,0.2828379501389627,89537.18917315574,0.6327229639771631,7.362798987834215,51.46743732660697
0.010240048583812014,338589.83101758093,0.623740636388138,85.84030806564462,0.2205053442897879,79889.03382752898,0.39587138951464595,7.204337022257779,47.24087460030232
0.033969677364556014,233127.3444366688,0.8396926380088523,341.91276913986593,0.322348235571772,79808.49307083612,0.11025070127969752,6.965071834768891,63.31378628425867
0.041809314698474244,335077.7878125249,0.6134818918186712,141.67282697494994,0.17678857046199908,72891.11492220167,0.36645895903505243,5.149294953924828,60.05236121480565
0.012441669148093366,491085.1251302,0.5485660497342473,469.37486284446743,0.4576532255873205,77282.44336375482,0.7524192446524759,4.360482979725878,60.37388448971352
0.01855215589034504,331291.9144678055,0.7241583533827911,310.79136611749146,0.15046368483064126,63026.20486352957,0.17550816456601837,0.5227637227220572,46.93980076559381
0.016405570835285734,129698.74373221831,0.5466986188856333,415.8177824272717,0.02904811153817776,89304.85145412685,0.3453019739338605,8.715456807081264,72.50706774797098
0.02829375210602456,252783.20761810752,0.7539354791014236,101.53979074685671,0.49852534637815005,68300.02899270458,0.4134075757366318,7.102098483162649,55.3296204788792
0.021375473292289966,433309.72201150307,0.7044218259621914,373.8012859694457,0.06265207605652441,106150.72669996005,0.7621461881002989,2.1171677846196566,76.67151478693717
0.0489231763714357,202732.62982682345,0.705257244025985,63.50910157280134,0.20464148948745395,81418.80138897925,0.9578121512571686,5.167360449400644,70.53614461988721
0.04185982967799595,318851.0570275602,0.5183532560459831,191.75372383539832,0.2920192588372406,115553.4569338012,0.8732173237761099,2.2835561417884764,75.77330281177737
0.04651245033361264,441066.4612406883,0.848697544513827,226.7308014009024,0.25714654510639573,71789.85703156376,0.3280582968034354,5.050280461487669,66.59941957132143
0.006372344653373951,152724.14939898366,0.8989653182760258,388.25589516414044,0.21720552043895267,76543.53260554894,0.43299899736397973,7.407798671606725,69.02497447319391
0.037517527617550235,181801.73547711835,0.6520864906582154,261.4304457426537,0.17208856579955126,97944.6180142496,0.3964181718249592,1.3823208678533716,74.69052638053671
0.022956820342173688,491965.7731129521,0.6016466358201091,325.4713965244531,0.22215679442145608,36392.2110884394,0.5390889453982536,7.021643286483124,68.39455219518346
0.01800216574959122,134499.66852158596,0.9214545252461027,220.18835728769855,0.29243872021228035,101280.28135171764,0.3918822974880225,7.161645381776111,77.50547038552716
0.011093848241802262,216517.4988822021,0.565119786261434,415.05375128061104,0.11909812526112483,94566.31998646892,0.9489685575210873,5.27772209068877,72.91954403037255
0.019665056452713926,290262.01236996683,0.7712633895200417,493.6962074767967,0.46950463406592985,107593.76624638095,0.9002174821343725,4.67849183292043,95.93088242056662
0.03458499472298592,458026.6891744857,0.6768278442461089,482.793115255461,0.21373517041389967,84097.43988538941,0.7388242419451347,9.505920130759383,97.94363581545412
0.028436701376483704,207422.85624825643,0.8494730779083757,298.5000260782309,0.33387717211834117,59061.09617201109,0.5331465566448446,6.17354250988067,73.49074562977792
0.023220986642142984,179349.0159390805,0.9327382215418868,280.16039301917783,0.3696209814409733,66994.24742004523,0.41961858762314475,4.07164298467125,71.99709544469572
0.029456144149161347,298861.5263531486,0.5606536032128472,273.233965325239,0.09286091120611922,41352.22076661886,0.939381145607051,6.049500131477043,71.34417790916532
0.034677052615606295,260717.4681333455,0.9090414013616889,337.06872031084947,0.38689323606655784,63170.62221249424,0.964010692737213,8.20461290158315,94.27776588506033
0.01719334435420488,214250.63987343083,0.6219091504610921,434.93367294692956,0.025623549652210136,36848.99900826969,0.34652338356691337,1.9987297464944365,56.48590647639414
0.01543368262472818,419177.27570132,0.7534069672514211,52.596797581835595,0.22036815519505568,66709.6434165323,0.2025507425000892,6.761417886014572,45.44907967988966
0.03778119255013664,100021.13077291872,0.929264361731025,416.3939451745984,0.4529510313287498,31407.89657766907,0.9404729162071654,8.097885286881047,100.0
0.04267486143314144,137314.95388878742,0.8324501130133689,481.96251033894094,0.3424881972948987,81350.52641621459,0.9510667099740973,4.42937121734436,100.0
0.04697807996121346,130433.8907062029,0.7255038653714067,359.12859862344726,0.3980342038268961,82471.67826997227,0.9180259697093086,9.419914468838718,100.0
0.007894365043711259,260948.21581654975,0.5105565597745195,198.23749581849933,0.27306542680559504,111971.5437458954,0.8618988902188626,1.2749972667198572,53.33732775910446
0.028945308760645223,206551.05657200952,0.9047538880492259,467.3148842576991,0.2072796047866797,110127.23014021682,0.4455540048366754,7.368168318297002,92.72431206848741
0.02641739978964759,149033.2626028732,0.9175703905566597,254.34346701989148,0.36989864975797776,63045.64329881629,0.1169927907186112,1.005303586918359,53.58473024363204
0.02006308969606756,378195.38367106015,0.8143860152443803,366.77115829752387,0.2513357084700491,112339.75351093536,0.540276866182554,4.502651934966382,76.32668083831206
